id,coder,citations_2023,year,title,RQ,main_goal_keyword,main_goal_sentence,task,experimental_conditions,results,N_groups,N_individuals,feedback,study_setting,contributions,motivation,subject_demographics,broader_implications,inference_for_future_practice,data,sensor,brand,metric,metric_smaller_category,metric_larger_category,metric_IG_category,metric_IG_specific,data_per_metric,outcome_name,outcome_instrument,outcome_smaller_category,outcome_larger_category,outcome_significance,analysis_and_results,test_type_standard,test_grouped
1,bertrand,158,2010,An Interactive Table for Supporting Participation Balance in Face-to-Face Collaborative Learning,"H1. Individuals are more aware of their own and their partners’ levels of participation when using Reflect. By validating this hypothesis, we would be able to conclude that the information displayed on the table is seen and assimilated into the user’s mental model of the conversation taking place.
H2. Groups that are shown their levels of partici- pation on Reflect are more balanced than those that are not. By validating this hypothesis, we would conclude that the information displayed on the table is used by the participants as a tool to reduce over or underparticipation.",Design,evaluate the effect Reflect has on collaborative work,"In this task, each subject was given a copy of investigation logs that included maps, interviews, and a snippet of a news article. They were asked to accuse one of three suspects of having committed the murder. Each individual version of the investigation logs contained certain important pieces of information that were not available in others. This ensured that all subjects were required to participate in the discussion in order to gather all the necessary informa- tion. This type of task, referred to as a hidden profile task, is often used in experiments involving group decision-making and information pooling","1) the students were shown their levels of participation, i.e., how much time each student talked (speaker- based condition)
2) they were shown the focus of the discussion, i.e., how much time was spent discussing the case of each of the three suspects in the murder mystery (topic-based condition)","Reflect leads to more balanced collaboration, but only under certain conditions",G=18, I=72,real-time,lab,Tool/application,We want something that changes people’s behavior / Need to improve existing practices,University; age unknown; male 44 female 28,NS,"We are thus currently exploring the use of pitch and other prosodic features of the voice in order to attribute to each speaker not only a participation level, but also a manner of participation and possibly even a role. By knowing which members of the group are engaging in interactions that foster learning (rather than which group members are simply speaking) the table might be able to provide more meaningful feedback to the group. ",III) Audio,III) Microphone,III) NS,1) Speech Time,1) Speech Features,1) Verbal,1) Individual,1) pure_indiv,1) III,a) verbal participation,a) survey,a) communication,a) process,a) 1,1-A: t-test->sig,t-test,between-group
2,bertrand,55,2013,Understanding collaborative program comprehension: Interlacing gaze and dialogues,"Question 1: task level and task unit level: How does the level of understanding relate to the prevalence of different gaze episodes?
Question 2: task unit level: How do the types of gaze episodes relate to the types of dialogue episodes? 
Question 3: task unit level and operation level: How do different dialogue episodes relate to the different gaze transitions?",Model-building,use technology to measure the dynamics of interaction,pair programming comprehension task,NS,We identify four layers of interaction episodes at different time scales. Each layer spans across the whole interaction. The present study concerns the relationship between different layers at different time scales. The first and third layers are based on the utterances of the participants while the second and fourth layers are based on participants' gaze.,G=16, I=32,NS,lab,Model/metric,We need a [better] understanding of how people behave / We need a deeper understanding of construct X,University; aged from 18 to 29 years old,we showed that there is a relationship between gaze and dialogue indicators at different time scales. These relations help us understand the cognition that underlies program comprehension as well as the collaboration that underlies pair programming. The results are interesting enough to pursue further research in the same direction to find the causality between processes at different time scales.,NS,"I) Eye Gaze
III) Audio","I) Eye Tracker
III) Microphone","I) Tobii 1750
III) NS","1) Focus Of Attention 
2) Together Gaze 
3) Dialogue Episode
4) Gaze Transitions","1) Visual Attention
2) Visual Attention
3) Speech Content
4) Eye Motion","1) Gaze
2) Gaze
3) Verbal
4) Gaze","1) Individual
 2) Group
 3) Individual
 4) Group","1) pure_indiv
2) synchro
3) content_indiv
4) indiv_freq_in_group","1) I
2) I
3) III
4) I","a) level of understanding
B) conversational features","a) human evaluation
B) human evaluation","a) learning
B) communication","a) product
B) process","a) 1
B) 1","1,2-A: ANOVA->sig
1,2-A: linear model->sig
1,2-B: linear model->sig
4-B: ANOVA->sig","ANOVA
LME
ANOVA","between-group
correlation_regression
between-group"
3,edwin,98,2014,Physiological Linkage of Dyadic Gaming Experience,"1) How different levels of structural competition were reflected in physiological linkage within dyads 
2) and also whether the presence of AI agent had an effect.",Scientific hypothesis testing,"1) To test social presence under different levels of structural competition 
2) To test if the presence of AI agent had an effect on social presence","The participants played HEDGEWARS (http://hedgewars.org), an open-source clone of a popular commercial game WORMS by Team 17 (http://worms.team17.com). HEDGEWARS is a turn-based artillery game with a two-dimensional map and ballistic shooting (Figure 1). In a typical multiplayer setting, each player controls a team of several hedgehogs. Teams may also be controlled by AI players, and it is possible to group any teams together so that they are playing on the same side (e.g., two human players against one AI player).",1) full cooperation; 2) competitive cooperation; 3) competition; 4) competition without AI allies,"1) A strong physiological linkage was found within dyads in all condistions, but the linkage scores did not differentiate between conflict modes.
2) The only signifcant difference in linkage between conditions was an increase when the AI agents were not present.",G=50, I=100,NS,lab,Model/metric; Theory,Modelling Collaborative Problem-solving Competence with Transparent Learning Analytics: Is Video Data Enough?,University; age 22.9; age 18-32; male 58 female 42,"On a more general level, the association of empathy and social presence related self-reports and physiological linkage in the results give support to the theory of embodied cognition, mimicry, and emotional contagion. These results contribute not only to games research in the form of basic understanding on the effects of different game modes and presence of AI agents, but also the development of physiological linkage as measure for social interaction and presence.","These results contribute not only to games research in the form of basic understanding on the effects of different game modes and presence of AI agents, but also the development of physiological linkage as measure for social interaction and presence.","VI) EDA
VII) ECG","VI) Varioport 16-Bit Digital Skin Conductance Amplifier
VII) Modified Lead II Configuration","VI) Varioport-B Portable Recorder System
VII) NS",1) Physiological Linkage,1) EDA,1) Physiological,1) Individual,1) pure_indiv,"1) VI, VII","a) Involvement
B) emotion
c) emotion
D) level of understanding","a) survey
B) survey
c) survey
D) survey","a) engagement
B) affective
c) affective
D) learning","a) process
B) process
c) process
D) product","a) 1
B) 1
c) 1
D) 1","1-A: regression->sig
1-B: regression->sig
1-C: regression->sig
1-D: regression->sig","regression
regression
regression
regression","correlation_regression
correlation_regression
correlation_regression
correlation_regression"
4,iulian,25,2018,A Multimodal-Sensor-Enabled Room for Unobtrusive Group Meeting Analysis,Can multimodal sensors be used to analyze group meetings unobtrusively?,Model-building,"To propose a novel method for head pose and VFOA estimation in group meetings using ceiling-mounted, downward-facing Kinects.",Lunar survival task,NS,Predict group leaders and major contributors with 90% and 100& accuracy respectively using automatically extracted metrics,G=10, I=36,NS,lab,Algorithm; Model/Metric,We need [better] way of measuring / detecting / predicting something,age 18-29,"..an active automated meeting facilitator could aid in group decision making in real time. It could mediate the meeting by subtly reminding participants to talk more or less based on the real-time estimated speaking balance in the room. The room could additionally detect productivity shifts due to inattentiveness or lack of coordination and instigate a new line of thought. Further- more, it could keep the meeting on track by correlating the agenda and the discussion schedule in real time.","With regard to the ToF sensing modality, we want to modify our VFOA estimation algorithm to include supervised learning techniques with more contextual cues, which should improve the accuracy. We also want to implement more sophisticated supervised learning techniques for predicting leadership scores and styles of leadership by combining other metrics involving coarse body pose extracted from the lower-resolution ToF sensors, and body and head activities, as discussed in [9].","II) Video
III) Audio
XII) Other","II) Kinect
III) Microphone
XII) Irma Matrix Tof Sensors","II) Microsoft Kinect
III) NS
XII) Infrared Intelligent Systems","1) Non-Verbal Speaking Metrics
2) Visual Attention
3) Verbal Dominance And Information Metrics","1) Speech Participation
2) Visual Attention
3) Speech Participation","1) Verbal
2) Gaze
3) Verbal","1) Individual
 2) Individual
 3) Group","1) pure_indiv
2) pure_indiv
3) indiv_freq_in_group","1) XII
2) II
3) III","a) leadership
B) perceived contribution","a) survey
B) survey","a) interpersonal relationship 
B) interpersonal relationship ","a) process
B) process","a) 1/0
B) 1/0","3-A: correlation->sig
3-B: correlation->sig
1-A: correlation->non
1-B: correlation->non
2-A: correlation->non
2-B: correlation->sig
1,2,3-A: regression->non
1,2,3-B: regression->non","correlation
correlation
correlation
correlation
correlation
correlation
regression
regression","correlation_regression
correlation_regression
correlation_regression
correlation_regression
correlation_regression
correlation_regression
correlation_regression
correlation_regression"
5,bertrand,38,2019,"Are we together or not? The temporal interplay of monitoring, physiological arousal and physiological synchrony during a collaborative exam","(1) How do individuals in a group engage in monitoring their learning process during a collaborative exam situation? 
(2) How does individual students’ monitoring frequency relate to physiological arousal?
(3) How does monitoring occur in situations when there is and is not physiological synchrony between the students?""",Model-building,The aim of this study is to understand how metacognitive monitoring occurs during a collaborative exam situation by examining how individual student contributions to monitoring processes are related to physiological arousal and physiological synchrony in groups,The data consist of video recordings from collaborative exam sessions lasting 90 minutes and physiological data captured from each student with Empatica 4.0 sensors,NS,"""Separate multiple regression analyses revealed that the task completion time was predicted by coherence measures for EDA and heart, but only at a trend level for breathing.
Task completion time was also predicted by heart cross correlation. 
Team tracking error was predicted by coherence measures for EDA, heart and breathing, and also heart cross correlation. 
While socialvisual contact did not have an impact, physiological compliance was predictive of improved performance, with coherence robust over all three physiological measures. 
Heart cross correlation showed the strongest predictive relationships.""",G=4, I=12,NS,eco,Model/metric,We need a [better] understanding of how people behave / We need a deeper understanding of construct X,High school; age 19-20; male 23 female 8,We fully expect that measures of social physiological compliance may someday provide the field of human factors with an objective means to study complex sociotechnical systems.,NS,"VI) EDA
II) Video","VI) EDA Sensor
II) Camera","VI) Empatica
II) NS","1) EDA Peak Detection 
2) Physiological Concordance Index","1) EDA
2) Combined","1) Physiological
2) Physiological","1) Individual
 2) Group","1) pure_indiv
2) pure_indiv","1) VI
2) II",a) emotion ,a) human evaluation,a) affective,a) process,a) 1,"1,2-A: correlation->sig",correlation,correlation_regression
6,steph,58,2012,"Linking Speaking and Looking Behavior Patterns with Group Composition, Perception, and Performance","RQ1: How to characterize and extract typical speaking and looking patterns
RQ2: To understand how group behavior patterns relate to how group members perform and perceive themselves and other members of their group.",Model-building,This paper addresses the task of mining typical behavioral patterns from small group face-to-face interactions and linking them to social-psychological group variables. ,Winter survival task: rank twelve items important for surviving a airplane crash in harsh winter conditions.,NS,"Our results show that both group behavior cues and topics have significant correlations with (and predictive information for) group variables such as group composition, group interpersonal perception, and group performance.",G=18,I=72,NS,lab,Model/metric ,We need a [better] way of measuring / detecting / predicting something,University; age 25.4,"The mining framework is powerful as it potentially allows to work with large datasets, make statistical inferences, and validate the results on datasets for which ground-truth is available.",NS,"III) Audio
II) Video","III) Microphone
II) Camera","III) NS
II) Logitech Webcam Pro 9000","1) Group Participation Speaking Cues
2) Silence And Overlap Cues
3) Speaking Distribution Cues
4) Visual Attention
5) Group Looking Cues","1) Speech Participation
2) Speech Participation
3) Speech Participation
4) Visual Attention
5) Visual Attention","1) Verbal
2) Verbal
3) Verbal
4) Gaze
5) Gaze","1) Group
 2) Group
 3) Group
 4) Individual
 5) Group","1) synchro
2) synchro
3) indiv_freq_in_group
4) pure_indiv
5) synchro","1) III
2) III
3) III
4) IV
5) IV","a) group composition
B) social perception
c) group performance","a) survey
B) survey
c) human evaluation","a) group composition
B) interpersonal relationship
c) performance","a) condition
B) process
c) product","a) 1
B) 1
c) 1","1-A: correlation->sig
2-A: correlation->sig
3-A: correlation->sig
4-A: correlation->sig
5-A: correlation->sig
1-B: correlation->sig
2-B: correlation->sig
3-B: correlation->sig
4-B: correlation->sig
5-B: correlation->sig
1-C: correlation->sig
2-C: correlation->sig
3-C: correlation->sig
4-C: correlation->sig
5-C: correlation->sig
1,2-A: regression->sig
2,3-B: regression->sig
2-C: regression->sig","correlation
correlation
correlation
correlation
correlation
correlation
correlation
correlation
correlation
correlation
correlation
correlation
correlation
correlation
correlation
regression
regression
regression","correlation_regression
correlation_regression
correlation_regression
correlation_regression
correlation_regression
correlation_regression
correlation_regression
correlation_regression
correlation_regression
correlation_regression
correlation_regression
correlation_regression
correlation_regression
correlation_regression
correlation_regression
correlation_regression
correlation_regression
correlation_regression"
7,edwin,14,2018,Automatic Recognition of Affective Laughter in Spontaneous Dyadic Interactions from Audiovisual Signals,"How different categories of laughter can be differentiated from audiovisual features, and to which extent they might convey different emotions (arousal and valence)",Model-building,To investigate automatic recognition of emotional laughter from spontaneous multimodal data,Winter survival task: rank twelve items important for surviving a airplane crash in harsh winter conditions.,NS,"Results show that voiced laughter performed best in the automatic recognition of arousal and valence for both audio and visual features. The context of production is further analysed and results show that, acted and spontaneous expressions of laughter produced by a same person can be differentiated from audiovisual signals, and multilingual induced expressions can be differentiated from those produced during interactions.",G=53, I=106,NS,lab,Algorithm; Dataset,We need a [better] understanding of how people behave / We need a deeper understanding of construct X,NS,Future work will investigate how variabilities in the language and culture might impact performance on the automatic recognition of laughter.,NS,"III) Audio
II) Video","III) NS
II) NS","III) NS
II) NS","1) Gemaps Acoustic Features
2) Extended Gemaps Acoustic Features
3) MFCCS
4) Facial Action Units","1) Speech Features
2) Speech Features
3) Speech Features
4) Facial Expressions","1) Verbal
2) Verbal
3) Verbal
4) Head","1) Individual
 2) Individual
 3) Individual
 4) Individual","1) pure_indiv
2) pure_indiv
3) pure_indiv
4) pure_indiv","1) III
2) III
3) III
4) II","a) laughter
B) laughter
c) laughter","a) computation
B) computation
c) human evaluation","a) interpersonal relationship
B) interpersonal relationship
c) interpersonal relationship","a) process
B) process
c) process","a) 0
B) 0
c) 0","1+2+3+4-A: sup. machine learning->non
1+3+3+4-B: sup. machine learning->non
1+2+3+4-C: sup. machine learning->non","machine learning
machine learning
machine learning","machine-learning
machine-learning
machine-learning"
8,bertrand,51,2018,Predicting Group Performance in Task-Based Interaction,can linguistic features and speech features predict how well a group will perform on a well-defined task?,Model-building,"automatically predicting group performance on a task, using multimodal features derived from the group conversation","Winter Survival Task, role-playing a fictional scenario (designing and marketing a remote control device)",NS,"the best-performing models utilize both linguistic and acoustic features, and that linguistic features alone can also yield good performance on this task",G=28, I=?,NS,lab,Algorithm,We need a [better] understanding of how people behave / We need a deeper understanding of construct X,NS,Being able to predict task performance based on the group interaction could be very valuable for providing feedback to collaborative teams in an online fashion.,NS,III) Audio,III) Microphone,III) NS,"1) Speech Features 
2) Linguistic Features","1) Speech Features
2) Speech Content","1) Verbal
2) Verbal","1) Individual
 2) Individual","1) pure_indiv
2) content_indiv","1) III
2) III",a) group performance,a) human evaluation,a) performance,a) product,a）1,1+2-A: sup. machine learning: (64.4%)->sig,machine learning,machine-learning
9,callie,43,2015,Looking AT versus Looking THROUGH: A Dual Eye-tracking Study in MOOC Context,"RQ1. How does the priming affect learning? We want to see if there is a priming effect on the learning gain of the participants .
RQ2. How are the individual gaze patterns during the video related to the collaborative gaze patterns during the collaborative concept map phase?
RQ3.How are the individual and collaborative gaze patterns related to learning gain?",Observe learning; Metric-construct connection,"In this article we present an empirical study that sheds some light on the gaze features of the MOOC learners and the effect of priming the students in two different ways. As we will see, the priming method impacts the learning gain of the students; and the gaze features we propose are efficient enough to highlight the differences between the good MOOC learners from the poor ones.","Collaborative concept map, based on video lecture",1) textual priming 2) schema priming,What comes out of the present study is two different interaction styles that differentiate the good students from the poor students. The good students engage with the teacher/collaborating partner through the interface/display. While the poor students engage with the material only.,G=49, I=98,NS,lab,Model/metric,We need a [better] understanding of how people behave / We need a deeper understanding of construct X,University,The concepts of “looking through” and “looking at” could be seen as new interaction style categories.,NS,I) Eye Gaze,I) Eye Tracker,I) NS,"1) Perceptual With-Me-Ness
2) Conceptual With-Me-Ness
3) Gaze Similarity ","1) Visual Attention
2) Visual Attention
3) Visual Attention","1) Gaze
2) Gaze
3) Gaze","1) Individual
 2) Individual
 3) Group","1) pure_indiv
2) pure_indiv
3) synchro","1) I
2) I
3) I",a) learning gain,a) survey,a) learning,a) product,a) 1,"1-A: correlation->sig
2-A: correlation->sig
3-A: correlation->sig","correlation
correlation
correlation","correlation_regression
correlation_regression
correlation_regression"
10,edwin,29,2018,A Network Analytic Approach to Gaze Coordination during a Collaborative Task,"RQ1. Do the gaze behaviors of collaborating dyads during reference action sequences reflect a particular progression of gaze coordination?
RQ2. How does gaze coordination change in the different phases of a reference-action sequence?
RQ3. Do gaze behavior patterns differ in reference-action sequences that include breakdowns or repairs?",Model-building,"The goals of this study were (a) to explore patterns and progressions in the gaze coordination exhibited by dyads engaged in a simple instructional task, and (b) to develop and test a method for constructing detailed and nuanced models of gaze coordination.","Each dyad was assigned a sandwich-building task: one participant made verbal references to visible ingredients they would like added to their sandwich, while the other participant assembled those ingredients into a sandwich.",NS,Our analyses indicate: (a) properties and patterns of how gaze coordination unfolds throughout an interaction sequence; and (b) differences in gaze coordination patterns for interaction sequences that lead to breakdowns and repairs.,G=13, I=26,NS,lab,Algorithm,We need a [better] way of measuring / detecting / predicting something,University; age 22.9; age 18-32; male 58 female 42,"Such research could improve understanding of learning in collaborative interactions involving reference- action sequences, such as one-on-one tutoring or cooperative problem solving among students, and it could enable us to design learning technologies that more effectively promote and achieve coordination with human users.",NS,I) Eye Gaze,I) Eye Tracker,I) SMI Glasses,"1) Gaze Fixations
2) Gaze Saccades","1) Visual Attention
2) Eye Motion","1) Gaze
2) Gaze","1) Individual
 2) Individual","1) pure_indiv
2) pure_indiv","1) I
2) I",a) task performance,a) human evaluation,a) performance,a) product,a) 0,"1,2-A: correlation->non",correlation,correlation_regression
11,steph,92,2014,"The Additive Value of Multimodal Features for Predicting Engagement, Frustration, and Learning during Tutoring",Can multimodal feature sets be used to predict whole-session retrospective self-reports of affect and learning gain within human-human tutoring ?,Model-building,This paper reports on the first study to investigate how multimodal feature sets can be used to predict whole-session retrospective self-reports of affect and learning gain within human-human tutoring,program in Java,NS,"The complete trimodal feature set was most predictive of each of the three tutoring outcomes, and bimodal features with dialogue were most predictive of each tutoring outcome. Importantly, the findings demonstrate that the role of nonverbal behavior may depend on the dialogue and task context in which it occurs",G=67, I=67,NS,eco,Model/metric,We need a [better] way of measuring / detecting / predicting something,University; age 18.5,Future adaptive multimodal interfaces may leverage this detailed task-contextualized information to disambiguate affect and intervene effectively,NS,"II) Video
IV) Kinesiology
V) Log Data","II) Kinect
IV) Kinect
V) Own Application","II) Microsoft Kinect
IV) Microsoft Kinect
V) Javatutor","1) Dialogue Acts
2) Facial Expressions
3) Gesture
4) Task Actions","1) Speech Content
2) Facial Expressions
3) Hand Motion
4) Task-Related","1) Verbal
2) Head
3) Body
4) Log Data","1) Individual
 2) Individual
 3) Individual
 4) Individual","1) content_indiv
2) pure_indiv
3) pure_indiv
4) content_indiv","1) V
2) II
3) IV
4) V","a) engagement
B) frustration
c) learning gain","a) survey
B) survey
c) survey","a) engagement
B) affective
c) learning","a) process
B) process
c) product","a) 1
B) 1
c) 1","1+2+3-A: regression->sig
1+2+3-B: regression->sig
1+2+3-C: regression->sig","regression
regression
regression","correlation_regression
correlation_regression
correlation_regression"
12,steph,33,2018,(Dis)Engagement Maters: Identifying Efficacious Learning Practices with Multimodal Learning Analytics,"RQ1: What are the different forms of gestural engagement in the context of a paired, hands-on learning experience?
RQ2: What are effective learning practices in the engineering design context?",Model-building,"The current paper builds on these ideas by taking a deeper look at different forms of gestural engagement in the context of a paired, hands-on learning experience. Furthermore, it leverages a combination of unsupervised and supervised machine learning algorithms to help draw inferences about effective learning practices from the engineering design context. ","Two engineering design tasks: 1) first task asked students to use one sheet of printer paper to construct a structure that could support one or more engineering textbooks at least three inches above a table 2)  In the second task students had 10 minutes to use one paper plate, two feet of tape, three wooden sticks and four straws to build a structure that could support a mass of 0.5 lb. as high off the table as possible",NS,"The combination of machine learning and human inference helps elucidate the practices that seem to correlate with student learning. In particular, both engagement and disengagement seem to correlate with student learning, albeit in a somewhat nuanced fashion",G=27,I=54,NS,lab,Algorithm,We need a [better] way of measuring / detecting / predicting something,University,"I argue that an intermediate model that leverages the affordances of multimodal data and computation, but leaves inference development to trained scholars could offer a viable alternative to purely qualitative or machine learning approaches.",NS,"IV) Kinesiology
II) Video","IV) Kinect
II) Camera","IV) Microsoft Kinect
II) NS","1) Clustered Hand/Wrist Movement
2) Object Manipulation","1) Hand Motion
2) Task-Related","1) Body
2) Log Data","1) Individual
 2) Individual","1) pure_indiv
2) pure_indiv","1) IV
2) II",a) learning gain,a) survey,a) learning,a) product,a) 1,1-A: sup. machine learning: (ACC: 76%)->sig,machine learning,machine-learning
13,bertrand,2,2017,Dual Gaze as a Proxy for Collaboration in Informal Learning,"Question 1: task level and task unit level: How does the level of understanding relate to the prevalence of different gaze episodes?
Question 2: task unit level: How do the types of gaze episodes relate to the types of dialogue episodes? 
Question 3: task unit level and operation level: How do different dialogue episodes relate to the different gaze transitions?",Metric-construct connection,Validate new measure using gaze data across different temporal scales; describe gaze behavior of low- and high-understanding dyads in collaborative learning task,"read, understand, and explain functionality of a JAVA program.",NS,"There is a relationship between gaze (joint focus or not), dialogue indicators (task management, code description) at different time scales and participants' understanding of the program",G=16, I=32,NS,lab,Model/metric,We need a [better] understanding of how people behave / We need a deeper understanding of construct X,University; age 18-29; gender distribution unknownn,NS,NS,"I) Eye Gaze
III) Audio","I) Eye Tracker
III) Microphone","I) Tobii 1750
III) NS","1) Not / Focused Together
2) Dialogue Episodes","1) Visual Attention
2) Speech Content","1) Gaze
2) Verbal","1) Group
 2) Individual","1) synchro
2) content_indiv","1) I
2) III",a) level of understanding,a) human evaluation,a) learning,a) product,a) 1,"1-A: ANOVA->sig
1,2-A: ANOVA->sig","ANOVA
ANOVA","between-group
between-group"
14,edwin,5,2013,Using Eye-Tracking Technology to Support Visual Coordination in Collaborative Problem-Solving Groups,How does having access to partner's eye gaze affect quality of collaboration and learning gains?,Design,"Our goal is to develop new ways of supporting the establishment of perceptual joint attention (as opposed to cognitive, or social joint attention).","During the first 12 minutes, dyads worked on 5 contrasting cases in neuroscience. They had to collaboratively explain how visual information is processed by the human brain based on what they have learned from the models described in Figure 1. They then read a text on the same topic for 12 minutes. Finally, they answered a learning test with questions on the terminology used, concepts taught and questions in which they needed to transfer their knowledge to a new situation.","1) visible gaze
2) no gaze",Results indicate that this real-time mutual gaze perception intervention helped students achieve a higher quality of collaboration and a higher learning gain.,G=21, I=42,real-time,lab,Tool/application,We want something that changes people’s behavior / Need to improve existing practices,Unversity; age mean 23; male 14 female 28,"These results provide strong evidence for the important contributions of real-time mutual gaze perception—a special form of technology-mediated shared attention—to the learning gains and collaboration quality of collaborative learning groups. Additional qualitative observations suggest that our intervention helped students on four dimensions: by supporting coordination, creating conventions, sharing cognition and by making knowledge-building a collective process rather than an individual one.",NS,I) Eye Gaze,I) Eye Tracker,I) NS,1) Joint Visual Attention,1) Visual Attention,1) Gaze,1) Group,1) synchro,1) I,"a) learning gain
B) collaboration quality","a) learning test
B) human evaluation","a) learning
B) coordination
B) communication
B) engagement
B) interpersonal relationship","a) product
B) process","a) 1
B) 1","1-A: regression->sig
1-B: regression->sig","regression
regression","correlation_regression
correlation_regression"
15,edwin,106,2011,Analysing frequent sequential patterns of collaborative learning activity around an interactive tabletop,"The data mining task we set out to solve is to discover sequences of interactions between group members and the data slips at the tabletop that were more frequent in high-achieving groups than in low-achieving ones, and vice-versa.",Model-building,This paper introduces a data mining approach that exploits the log traces of a problem-solving tabletop application to extract patterns of activity in order to shed light on the strategies followed by groups of learners.,"The task provided to the students is to solve a mystery with an open question in any subject such as mathematics, history, or physics. Students are given the question and a number of data slips which may hold direct clues for solving the mystery, background information, or even red-herrings. They are asked to analyse these to formulate their answer to the question.",NS,"We found that high achievers favoured the strategy of reading, minimising and arranging immediately (cluster 1 mean = 124.75, cluster 2 mean = 61.25). On the contrary, low achievers used both strategies for the information gathering, performing more actions contained in Cluster 2 in which they did not close the slips immediately after reading (cluster 1 mean = 104.40, cluster 2 mean = 114.80).",G=6, I=18,NS,lab,Algorithm,We need a [better] way of measuring / detecting / predicting something,Elementary school; age 11-14,The goal of this line of research is to offer adapted support to groups in the form of direct feedback to students or to their facilitator. The insights obtained in the work reported in this paper are the first steps towards such adapted support that machine learning techniques can offer to the use of tabletop devices.,An important goal of our work is to mirror useful information about groups to help facilitators and the students themselves to reflect on and improve their learning activity.,V) Log Data,V) Interactive Tabletop,V) NS,1) Events,1) Task-Related ,1) Log Data,1) Individual,1) content_indiv,1) V,a) group performance,a) human evaluation,a) performance,a) product,a) 1,1-A: unsup. machine learning->sig,machine learning,machine-learning
16,edwin,15,2014,The Effect of Mutual Gaze Perception on Students’ Verbal Coordination,"RQ1: Are there ways to characterize the effect of our intervention on students’ discourse?
RQ2: Is it possible to find markers of productive learning trajectories?
RQ3: Is it possible to find markers of constructive collaborations?",Model-building,The goals of this paper are to: 1) explore a variety of computational techniques for analyzing the transcripts of students’ discussions; 2) examine whether any of those measures sheds new light on our previous results; and 3) test whether those metrics have any predictive power regarding learning outcomes.,"The structure of the activity was as follows: in the first step, students analyzed brain diagrams (12 minutes); in a second step, they were asked to read a textbook chapter about human vision and discuss their understanding of this topic (12 minutes).","1) visible gaze
2) no gaze","Using various natural language processing algorithms, we found that linguistic coordination (i.e., the extent to which students mimic each other in terms of their grammatical structure) did not predict the quality of student collaboration or learning gains. However, we found that the coherence of students’ discourse was significantly different across our experimental conditions; this measure was positively correlated with their learning gains. Finally, using various language metrics, we were able to roughly (i.e., using a mediansplit) predict learning gains with a 94.4% accuracy using Support Vector Machine. The accuracy dropped to 75% when we used our model on a validation set.",G=21, I=42,real-time,lab,Model/metric,We need a [better] way of measuring / detecting / predicting something,Unversity; age mean 23; male 14 female 28,"This paper showed NLP approaches offer substantial promise for understanding educational datasets and automating currently unwieldy and time-consuming hand analyses. The measures described above could easily be applied to other settings, such as forums or online discussions.",NS,"I) Eye Gaze
V) Log Data","I) Eye Tracker
V) NS","I) Tobii X1
V) NS","1) Joint Visual Attention
2) N-Grams
3) Cosine Similarity Scores
4) Convergence Measures
5) Coherence Metrics","1) Visual Attention
2) Speech Content
3) Speech Content
4) Speech Content
5) Speech Content","1) Gaze
2) Verbal
3) Verbal
4) Verbal
5) Verbal","1) Group
 2) Group
 3) Group
 4) Group
 5) Group","1) synchro
2) synchro
3) synchro
4) synchro
5) synchro","1) I
2) V
3) V
4) V
5) V","a) learning gain
B) collaboration quality","a) learning test
B) human evaluation","a) learning
B) coordination
B) communication
B) engagement
B) interpersonal relationship","a) product
B) process","a) 1/0
B) 0","1,4-A: ANOVA->non
1,4-B: ANOVA->non
1,5-A: correlation->sig
2,3,4,5-A: sup. machine learning: 75%->sig","ANOVA
ANOVA
correlation
machine learning","between-group
between-group
correlation_regression
machine-learning"
17,edwin,27,2016,Detecting Collaborative Dynamics Using Mobile Eye-Trackers,"RQ1: To use dual eye-tracking data to understand how well-functioning dyads of students interact
RQ2: To use cross-recurrence graphs to guide qualitative analyses
RQ3: A foray into studying the variety of ways that students use to maintain high levels of joint visual attention.",Model-building,The goal of this paper is to illustrate how well-coordinated groups establish and sustain joint visual attention by unpacking their different strategies and behaviors.,"The system used in this study, the TinkerLamp, is shown on Figure 2: it features small-scale shelves that students can manipulate to design a warehouse layout. A camera detects their location using fiducial markers and a projector enhances the simulation with an augmented reality layer. The activity lasted an hour and the goal for students was to uncover good design principles for organizing warehouses. The core of this reflection involves understanding the trade-off between the amount of merchandise that can be stored in a warehouse and how quickly one can bring an item to a loading dock (i.e., a lot of shelves make it difficult to efficiently load/unload items, while few shelves limit the size of available stock).","1) 3D condition
2) 2D condition","We found that highly coordinated dyads (as measured by dual eye-trackers) were not necessarily the best learning groups. Augmented cross-recurrence graphs revealed imbalances in students’ verbal contributions, which are characteristic of the free-rider effect where one student does all the work while his/her partner stays passive.",G=27, I=54,NS,lab,Model/metric,We need a [better] understanding of how people behave / We need a deeper understanding of construct X,Unversity; age mean 18.54,The implications of this work are that cross-recurrence graphs are highly valuable for distinguishing between productive and unproductive groups. But they should ideally be complemented with spatial and verbal information to provide a more refined representation of a group’s interactions.,NS,"I) Eye Gaze
II) Video
III) Audio","I) Eye Tracker
II) Camera
III) Microphone ","I) SMI Eye- Tracking Glasses With Binocular Pupil Tracking At 30Hz
II) NS
III) NS","1) Joint Visual Attention
2) Gestures
3) Speech Time","1) Visual Attention
2) Hand Motion
3) Speech Participation","1) Gaze
2) Body
3) Verbal","1) Group
 2) Individual
 3) Individual","1) synchro
2) pure_indiv
3) pure_indiv","1) I
2) II
3) III","a) group performance 
B) learning gain","a) human evaluation
B) learning test","a) performance
B) learning","a) product
B) product","a) /
B) 1","1,2,3-B: qualitative->sig
1-B: correlation->sig","qualitative
correlation","descriptive
correlation_regression"
18,edwin,81,2013,Expertise estimation based on simple multimodal features,How can expertise be estimated from simple multimodal features?,Model-building,The result of this processing is a set of simple features that could discriminate between experts and non-experts in groups of students solving mathematical problems.,"In each session, a group of 3 students worked together to solve a set of mathematics problems, each of which be- longed to a different difficulty level: easy, moderate, hard and very hard. The students of each group met and worked twice, in two separate sessions, to solve two distinct sets of problems. In each of these sessions, one of the students was assigned as the leader of the group in order to interact, on behalf of the other members, with a computer system that displayed the students the problems to solve and received the answers submitted.",NS,"The main finding is that several of those simple features, namely the percentage of time that the students use the calculator, the speed at which the student writes or draws and the percentage of time that the student mentions numbers or mathematical terms, are good discriminators between experts and non-experts students. Precision levels of 63% are obtained for individual problems and up to 80% when full sessions (aggregation of 16 problems) are analyzed.",G=12, I=18,NS,lab,Model/metric,We need a [better] way of measuring / detecting / predicting something,High school,One important conclusion for the field of multimodal learning analytics is that good predictors were found in each one of the media analyzed.,NS,"II) Video
III) Audio
V) Log Data","II) Camera
III) Microphone
V) Digital Pen","II) NS
III) NS
V) NS","1) Calculator Use
2) Total Movement
3) Distance From The Center Of The Table
4) Number Of Interventions
5) Speech Time
6) Times Numbers Were Mentioned
7) Times Mathematical Terms Were Mentioned
8) Times Commands Were Pronounced
9) Total Number Of Pen Strokes
10) Average Number Of Points
11) Average Stroke Time Length
12) Average Stroke Path Length
13) Average Stroke Displacement
14) Average Stroke Pressure","1) Task-Related
2) Gross Body Motion
3) Location
4) Speech Participation
5) Speech Participation
6) Speech Content
7) Speech Content
8) Speech Content
9) Text 
10) Text 
11) Text 
12) Text 
13) Text 
14) Text ","1) Log Data
2) Body
3) Body
4) Verbal
5) Verbal
6) Verbal
7) Verbal
8) Verbal
9) Log Data 
10) Log Data 
11) Log Data 
12) Log Data 
13) Log Data 
14) Log Data","1) Individual
 2) Individual
 3) Individual
 4) Group
 5) Individual
 6) Individual
 7) Individual
 8) Individual
 9) Individual
 10) Individual
 11) Individual
 12) Individual
 13) Individual
 14) Individual","1) object_indiv
2) pure_indiv
3) object_indiv
4) indiv_freq_in_group
5) pure_indiv
6) indiv_freq_in_group
7) indiv_freq_in_group
8) indiv_freq_in_group
9) object_indiv
10) object_indiv
11) object_indiv
12) object_indiv
13) object_indiv
14) object_indiv","1) II
2) II
3) II
4) III
5) III
6) III
7) III
8) III
9) V
10) V
11) V
12) V
13) V
14) V","a) task performance
B) expertise","a) human evaluation
B) human evaluation","a) performance
B) group composition","a) product
B) condition","a) 1
B) 1","1,2,3,4,5,6,7,8,9,10,11,12,13,14-A: regression->sig
1,2,3,4,5,6,7,8,9,10,11,12,13,14-B: sup. machine learning->sig","regression
machine learning","correlation_regression
machine-learning"
19,edwin,62,2015,Personality Trait Classification via Co-Occurrent Multiparty Multimodal Event Discovery,How can a co-occurrent event mining framework from multiparty and multimodal interaction data be used to infer personality traits?,Model-building,"The goal is to find patterns between modalities and multiple people: segments of utterance, speech, gaze, head gestures and body gestures.",Winter survival task: rank twelve items important for surviving a airplane crash in harsh winter conditions.,NS,"Experimental results show that the model trained with co-occurrence features obtained higher accuracy than previously related work in 8 out of 10 traits. In addition, the cooccurrence features improve the accuracy from 2% up to 17%.",G=27, I=102,NS,lab,Model/metric; Algorithm,We need a [better] way of measuring / detecting / predicting something,NS,"Our feature representation captures the interplay between the nonverbal behavior of an individual and her/his interactions, and can be used for feature extraction for other types of conversation (e.g. dyadic interaction).",NS,"II) Video
III) Audio","II) Camera
III) Microphone","II) NS
III) Dev-Audio","1) Speaking Status
2) Pitch
3) Energy
4) Head Motion
5) Body Motion
6) Motion Energy Images
7) Gaze","1) Speech Participation
2) Speech Features
3) Speech Features
4) Head Motion
5) Gross Body Motion
6) Gross Body Motion
7) Visual Attention","1) Verbal
2) Verbal
3) Verbal
4) Head
5) Body
6) Body
7) Gaze","1) Group
 2) Individual
 3) Individual
 4) Individual
 5) Individual
 6) Individual
 7) Group","1) indiv_freq_in_group
2) pure_indiv
3) pure_indiv
4) pure_indiv
5) pure_indiv
6) pure_indiv
7) synchro","1) III
2) III
3) III
4) II
5) II
6) II
7) II",a) personality ,a) survey,a) group composition,a) condition,a) ,"1,2,3,4,5,6,7-A: unsup. machine learning: (69.61%)->sig",machine learning,machine-learning
20,edwin,8,2019,Dynamic Adaptive Gesturing Predicts Domain Expertise in Mathematics,Whether expertise in mathematics can be detected by analyzing students’ rate and type of manual gestures?,Scientific hypothesis testing,The aim and unique contribution of the present research are to investigate whether rate and type of gestures are predictive of students’ domain expertise in mathematics.,"During each session, 16 geometry and algebra problems were presented, four apiece representing easy, moderate, hard, and very hard difficulty levels.",NS,"The results reveal several unique findings, including that math experts reduced their total rate of gesturing by 50%, compared with non-experts. They also dynamically increased their rate of gesturing on harder problems. Although experts reduced their rate of gesturing overall, they selectively produced 62% more iconic gestures. Iconic gestures are strategic because they assist with retaining spatial information in working memory, so that inferences can be extracted to support correct problem solving.",G=12, I=18,NS,lab,Model/metric,We need a [better] way of measuring / detecting / predicting something,High school; age 15-17; male 9 female 9,"The present results on representation-level gesture patterns are convergent with recent findings on signal-level handwriting, while also contributing a causal understanding of how and why experts adapt their manual activity during problem solving.","The long-term aim and societal contribution of this research is to recognize naturally occurring multimodal behaviors and communication patterns that can be used to identify domain experts, to predict an individual’s level of domain expertise, and to understand why they are critical predictors.","II) Video
III) Audio
V) Log Data","II) Camera
III) Microphone
V) Digital Pen And Digital Paper","II) Point Grey Scorpion Digital Firewire Cameras
III) Countryman Isomax Hyper-Cardioid Microphones
V) Nokia Digital Pens And Anoto Digital Paper","1) Total Manual Gestures Per Second
2) Iconic Gestures Per Second
3) Deictic Gestures Per Second","1) Hand Motion
2) Hand Motion
3) Hand Motion","1) Body
2) Body
3) Body","1) Individual
 2) Individual
 3) Individual","1) pure_indiv
2) pure_indiv
3) pure_indiv","1) II
2) II
3) II",a) expertise,a) human evaluation,a) group composition,a) condition,a) 1,"1-A: Wilcoxon Signed Ranks test->sig
2-A: Wilcoxon Signed Ranks test->sig
3-A: Wilcoxon Signed Ranks test->non","non-parametric tests
non-parametric tests
non-parametric tests","between-group
between-group
between-group"
21,edwin,114,2013,Capturing and analyzing verbal and physical collaborative learning interactions at an enriched interactive tabletop,"RQ1: Can we distinguish more collaborative from less collaborative groups by the interwoven stream of students’ verbal and physical participation?
RQ2: Can we distinguish more collaborative from less collaborative groups by extracting patterns of interaction based on just students’ verbal participation?
RQ3: Can we distinguish more collaborative from less collaborative groups based on patterns involving traces of interaction of students with others’ objects?
RQ4: Can we distinguish more collaborative from less collaborative groups in terms of the actions that follow up the access to others’ knowledge structures?",Model-building,"In this paper, we explored the potential of an enriched tabletop to automatically and unobtrusively capture data from collaborative interactions.",Concept mapping learning activity,NS,"We discovered that the less collaborative groups had a predomination of patterns with physical interactions, high levels of physical concurrency and greater parallelism than the more collaborative groups. By contrast, the more collaborative groups had more verbal discussions in conjunction with physical actions, especially in the brainstorming phase. They also showed less concurrency in the physical dimension and less parallelism. One of the most interesting findings for the less collaborative groups was the detection of patterns where a learner spoke briefly without getting response from other students. We found that the more collaborative groups had some interaction with others’ objects in the brainstorming phase but in the linking phase, the less collaborative groups interacted more with others’ objects.",G=20, I=60,NS,lab,Model/metric; Tool/Application,We need a [better] way of measuring / detecting / predicting something,NS,The contribution of this paper is an approach for analyzing students’ interactions around an enriched interactive tabletop that is validated through an empirical study that shows its operationalization to extract frequent patterns of collaborative activity.,"We envisage that our work provides a foundation for creating a system with three components: 
1) the data capture system to track and gather data of group activity;
2) the data analytics component, which is based on careful design of the alphabets that are a basis for producing group indicators via statistical and data mining techniques; and 
3) the data presentation component that aims to present to teachers, researchers or students with visual information or knowledge about the collaborative process but which implementation goes beyond the scope of this paper.","III) Audio
V) Log Data","III) Microphone
V) Interactive Tabletop","III) Dev-Audio
V) Collaid","1) Sequences Of Verbal Utterances
2) Sequences Of Meaningful Actions","1) Speech Content
2) Touch ","1) Verbal
2) Log Data","1) Individual
 2) Individual","1) pure_indiv
2) pure_indiv","1) III
2) V",a) collaboration quality,a) human evaluation,"a) coordination
a) communication
a) engagement
a) interpersonal relationship",a) process,a) 1,"1,2-A: unsup. machine learning: (90%)->sig",machine learning,machine-learning
22,callie,26,2013,Automatic identification of experts and performance prediction in the multimodal math data corpus through analysis of speech interaction. ,"1) identifying the domain expert among groups of three students working cooperatively on mathematical problem solving tasks and
2) inferring, from group interaction during a problem solving task, whether the group answered the question correctly or incorrectly.",Model-building,To see whether simple non-verbal speech interaction features can predict expertise and performance.,"Algebra and geometry problems (2 separate sessions per group). Each session consisted of 16 problem solving tasks, in which the students worked cooperatively and mentored one another.",NS,"The proposed Bayesian approach to expert prediction proved quite effective, reaching accuracy levels of over 92% with as few as 6 dialogues of training data. Performance prediction was not quite as effective.",G=6, I=18,NS,lab,Model/metric,We need a [better] way of measuring / detecting / predicting something,age 15-17,NS,NS,III) Audio,III) Microphone,III) NS,"1) Duration Of All Vocalisations
2) Average Duration Of Vocalisation
3) Standard Deviation Of Vocalisation
4) Probability Of A Transition From Floor To A Vocalisation
5) Probability Of A Transition From A Vocalisation To Floor
6) Probability Of Transitioning From A Group Vocalisation To Speaker Vocalisation
7) Probability Of Transitioning From A Speaker Vocalisation To A Group Vocalisation
8) Uncertainty In The Transitions Originating From A Speaker","1) Speech Participation
2) Speech Participation
3) Speech Participation
4) Speech Participation
5) Speech Participation
6) Speech Participation
7) Speech Participation
8) Speech Participation","1) Verbal
2) Verbal
3) Verbal
4) Verbal
5) Verbal
6) Verbal
7) Verbal
8) Verbal","1) Group
 2) Individual
 3) Individual
 4) Individual
 5) Individual
 6) Individual
 7) Individual
 8) Group","1) indiv_freq_in_group
2) pure_indiv
3) pure_indiv
4) complex_indiv
5) complex_indiv
6) complex_indiv
7) complex_indiv
8) group_cycle","1) III
2) III
3) III
4) III
5) III
6) III
7) III
8) III",a) expertise,a) task outcome,a) group composition,a) condition,a) 1,"1,2,3,4,5,6,7,8-A: sup. machine learning: (ACC: 92%)->sig",machine learning,machine-learning
23,bertrand,38,2020,Unpacking the relationship between existing and new measures of physiological synchrony and collaborative learning: a mixed methods study,"– RQ1: Are measures of physiological synchrony (PC, DA, IDM, SM) significantly correlated with collaboration quality, task performance and learning gains?
– RQ2a: By looking at line graphs of physiological synchrony, can we relate events of interest to peaks (sharp increase), oscillations (jolt) and valleys (sharp decrease)?
– RQ2b: Do these observations vary between a high-performing and a low-performing group?
– RQ3: Based on RQ2a and RQ2b, can we define new measures of physiological synchro- ny – i.e., are cycles between low and high synchronization related to our three outcome measures?",Metric-construct connection; Observe learning,electrodermal activity (EDA) was used to identify markers of productive collaboration,Programming a robot to solve a series of mazes,Speech awareness tool vs no awareness tool,PC to be positively associated with learning gains (r = 0.35) and DA with collaboration quality (r = 0.3). We computed the number of cycles between low and high synchronization. We found this measure to be significantly correlated with collaboration quality (r = 0.57) and learning gains (r = 0.47). ,G=42, I=84,real-time,lab,Model/metric,We need a [better] understanding of how people behave / We need a deeper understanding of construct X; We need a [better] way of measuring / detecting / predicting something,University pool; age 19-51,"Those results are encouraging, especially in the context of developing real-time, just-in- time, personalized feedback to students. There is some preliminary evidence that high- frequency data can indeed improve collaboration",We can imagine leveraging these measures to develop dashboards for teachers and aware- ness tools for students (Buder 2011) – which has not been explored for physiological data. ,"VI) EDA
III) Audio","VI) Smart Wristband
III) Microphone ","VI) Empatica
III) Microsoft Kinect","1) Physiological Synchrony (Pc)
2) Physiological Synchrony (Da)
3) Physiological Synchrony (Sm)
4) Physiological Synchrony (Idm)
5) Cycles Of Physiological Synchrony (Pc)","1) EDA
2) EDA
3) EDA
4) EDA
5) EDA","1) Physiological
2) Physiological
3) Physiological
4) Physiological
5) Physiological","1) Group
 2) Group
 3) Group
 4) Group
 5) Group","1) synchro
2) synchro
3) synchro
4) synchro
5) group_cycle","1) VI
2) VI
3) VI
4) VI
5) VI","a) collaboration quality
B) task performance
c) learning gain","a) human evaluation
B) task outcome
c) survey","a) interpersonal relationship
B) affective
c) affective
D) performance","a) process
B) process
c) process
D) product","a) 0
B) 0
c) 0
D)0","1+2+3-A: unsup. machine learning->non
1+2+3-B: unsup. machine learning->non
1+2+3-C: unsup. machine learning->non
1+2+3-D: unsup. machine learning->non","machine learning
machine learning
machine learning
machine learning","machine-learning
machine-learning
machine-learning
machine-learning"
24,edwin,27,2019,Modeling Team-level Multimodal Dynamics during Multiparty Collaboration,"1) Do teams exhibit multimodal regularity?
2) How do individual measures constitute regularity?
3) How do features of the task affect regularity?
4) How does regularity change over time?
5) Regularity as a predictor of team performance",Model-building,Our goal is to understand multimodal patterns that emerge and their relation with collaborative outcomes.,"We used Physics Playground for our problem solving environment. Game levels require participants to guide a green ball to a red balloon by drawing simple machines (i.e., ramps, levers, pendulums, and springboards) using the mouse.",NS,"We found that teams exhibit significant regularity above chance baselines. Regularity was unaffected by task factors. but had a quadratic relationship with session time in that it initially increased but then decreased as the session progressed. Importantly, teams that produce more varied behavioral patterns (irregularity) reported higher emotional valence and performed better on a subset of the problem solving tasks. Regularity did not predict arousal or subjective perceptions of the collaboration.",G=101,I=303,NS,lab,Model/metric,We need a [better] way of measuring / detecting / predicting something,Unversity; age 22; male 44 female 56,Measures of regularity could be used to aid machine learning models in predicting collaborative processes and outcomes.,"Our findings could be used to inform intelligent systems that monitor the quality of ongoing interactions and intervene when necessary. In particular, in the context of virtual interaction, regularity of low-level behaviors could be monitored in real-time in video conferencing software.","III) Audio
II) Video
VI) EDA","III) Microphone
II) Web Camera
VI) Electrodes","III) NS
II) NS
VI) Shimmer 3 Gsr+","1) Speech Rate
2) Face And Upper Body Movement
3) Galvanic Skin Response","1) Speech Features
2) Gross Body Motion
3) EDA","1) Verbal
2) Body
3) Physiological","1) Individual
 2) Individual
 3) Individual","1) pure_indiv
2) pure_indiv
3) pure_indiv","1) III
2) II
3) VI","a) collaboration quality
B) perceived valence
c) perceived arousal
D) task performance","a) survey
B) survey
c) survey
D) task outcome","a) learning
B) coordination
B) communication
B) engagement
B) interpersonal relationship
c) performance","a) product
B) process
c) product","a) 1
B) 1
c) 1","1-B: correlation->sig
2-B: correlation->sig
2-A: correlation->sig
2-C: correlation->sig","correlation
correlation
correlation
correlation","correlation_regression
correlation_regression
correlation_regression
correlation_regression"
25,bertrand,86,2018,Leveraging Mobile Eye-Trackers to Capture Joint Visual Attention in Co-Located Collaborative Learning,"1. JVA is associated with higher quality of collaboration; more specifically, JVA is associated with participants’ ability to sustain mutual understanding (Schneider & Pea, 2013).
2. The number of cycles of individual work (no-JVA) and collaborative interactions (JVA) is positively associated with the three outcome measures (collaboration, task performance, learning gains).",Metric-construct connection; Observe learning,"This paper provides three contributions: 1) I use an emerging methodology to capture joint visual attention in a co-located setting using mobile eye-trackers (Schneider & al., 2018); 2) I then replicate findings showing that levels of joint visual attention are positively correlated with collaboration quality; 3) finally, I present a new measure that captures cycles of collaborative / individual work, which is positively associated with learning gains (but not with collaboration quality).",Programming a robot to solve a series of mazes,Speech awareness tool vs no awareness tool,"joint visual attention is positively correlated with collaboration quality
measure that captures cycles of collaborative / individual work, which is positively associated with learning gains (but not with collaboration quality).",G=42, I=84,NS,lab,Model/metric,We need a [better] understanding of how people behave / We need a deeper understanding of construct X; We need a [better] way of measuring / detecting / predicting something,University pool; age 19-51,"The final and main contribution of this paper is a new measure that captures cycles of collaboration and individual work in dyads. This measure provides a complementary lens into collaborative processes: I found JVA to be positively associated with collaboration quality, and this new measure with learning gains (as well as task performance and collaboration quality, depending on the threshold used). This suggests that an important feature of successful collaborative learning groups is to balance individual cognition with group work. ","this study shows that it is possible to develop new ways of capturing 21st century skills in hands- on tasks typical of makerspaces. Even with the limitations mentioned above, this work makes a first step in this direction and opens the way to more rigorously studying collaborative processes in open-ended learning environments using dual mobile eye-trackers.",I) Eye Gaze,I) Eye Tracker,I) Tobii Glasses,"1) Joint Visual Attention
2) Cycles Of Collaborative / Individual Work","1) Visual Attention
2) Visual Attention","1) Gaze
2) Gaze","1) Group
 2) Group","1) synchro
2) group_cycle","1) I
2) I","a) learning gain
B) collaboration quality
c) task performance","a) survey
B) human evaluation
c) task outcome","a) learning
B) coordination
B) communication
B) engagement
B) interpersonal relationship
c) performance","a) product
B) process
c) product","a) 1
B) 1
c) 1","1-B: correlation->sig
2-B: correlation->sig
2-A: correlation->sig
2-C: correlation->sig","correlation
correlation
correlation
correlation","correlation_regression
correlation_regression
correlation_regression
correlation_regression"
26,steph,7,2010,Gaze quality assisted automatic recognition of social contexts in collaborative Tetris,"1. Can you predict the social context of players from their eye-movement data? 
2. How much are these predictions affected by missing gaze data, is it possible to improve the predictions by taking into account the quality level? ",Model-building,We investigate the automatic detection (or recognition) of pair composition using dual gaze-based as well as action-based multimodal features.,Tetris,"1) Novice-novice
2) Novice-expert
3) Expert-novice
4) Expert-expert","We have first shown that it is possible to differentiate four
difference social contexts given gaze and action features.",G=59,I=118,NS,lab,Algorithm,We need a [better] way of measuring / detecting / predicting something,NS,The long term goal of our work is to design adaptive gaze awareness tools that take the pair composition into account.,NS,"I) Eye Gaze
V) Log Data","I) Eye Tracker
V) Log Data","I) Tobii 1750
V) Tetris","1) Gaze Location
2) Gaze Saccades
3) Gaze Fixation
4) Player Actions
5) Zoid Acceleration","1) Visual Attention
2) Eye Motion
3) Visual Attention
4) Task-Related
5) Task-Related ","1) Gaze
2) Gaze
3) Gaze
4) Log Data
5) Log Data","1) Individual
 2) Individual
 3) Individual
 4) Individual
 5) Individual","1) pure_indiv
2) pure_indiv
3) pure_indiv
4) pure_indiv
5) pure_indiv","1) I
2) I
3) I
4) V
5) V",a) social context,a) assigned,a) group composition,a) condition,a) 1,"1,2,3,4,5-A: sup. machine learning: (ACC:81.43%)->sig",machine learning,machine-learning
27,callie,110,2014,Acoustic-Prosodic Entrainment and Rapport in Collaborative Learning Dialogues,"1. Does acoustic-prosodic entrainment exist in in human-human collaborative learning dialogues?
2. Can acoustic-prosodic entrainment can help us model the interaction between the two students by detecting the presence or absence of rapport?",Metric-construct connection,"The first goal is to identify whether there is evidence of acoustic-prosodic entrainment in human-human collaborative learning dialogues. The second goal, given that acoustic-prosodic entrainment is present, is to investigate whether acoustic-prosodic entrainment can help us model the interaction between the two students by detecting the presence or absence of rapport, one social factor of the interaction.",Math questions via the formative Assessment with Computation Technologies (FACT) application,NS,"We find that entrainment does correlate to rapport; speakers appear to entrain primarily by matching their prosody on a turn-by-turn basis, and pitch is the most signicant acoustic-prosodic feature people entrain on when rapport is present.",G=8, I=16,NS,lab,Model/metric,We need a [better] way of measuring / detecting / predicting something,University; basic knowledge of algebra and geometry,,The results here suggest that increased focus on the prosodic features of pitch and voice quality may present an opportunity for further understanding and building an emotional connection with a virtual agent.; we can build systems which can support and provide interventions when we detect entrainment or a lack of entrainment on these features.,III) Audio,III) Microphone,III) NS,"1) Pitch
2) Intensity
3) Voice Quality
4) Speaking Rate
5) Proximity
6) Convergence
7) Synchrony","1) Speech Features
2) Speech Features
3) Speech Features
4) Speech Features
5) Speech Features
6) Speech Features
7) Speech Features","1) Verbal
2) Verbal
3) Verbal
4) Verbal
5) Verbal
6) Verbal
7) Verbal","1) Individual
 2) Individual
 3) Individual
 4) Individual
 5) Group
 6) Group
 7) Group","1) pure_indiv
2) pure_indiv
3) pure_indiv
4) pure_indiv
5) synchro
6) synchro
7) synchro","1) III
2) III
3) III
4) III
5) III
6) III
7) III",a) conversational features ,a) mixed - human evaluation & survey,a) communication,a) process,a) 0/1,"5-A: correlation: (Max r 0.842)->sig
6-A: correlation: (Max r 0.741)->sig
7-A: correlation: (Max r 0.634)->sig","correlation
correlation
correlation","correlation_regression
correlation_regression
correlation_regression"
28,edwin,118,2016,Can Eye Help You?: Effects of Visualizing Eye Fixations on Remote Collaboration Scenarios for Physical Tasks,How remote collaboration by a worker and a remote collaborator will change if the collaborator’s eye fixations on a physical workspace are presented to the worker.,Design;Scientific hypothesis testing,"In particular, we are interested in how systems can facilitate remote collaboration when remote collaborators wish to manifest their intentions or instructions, such as what objects they are currently focusing on and how they want a worker to manipulate these objects.","Complete an assembly task by using the following steps. First, one of the participants in each pair assigned the role of a remote collaborator saw the as-built drawings of a target object. Then, the collaborator instructed the other participant (i.e., a worker) on how to assemble the target object by using blocks. Each participant took turns playing the collaborator and the worker for each condition, and the order of conditions was randomized to maintain the counterbalance (i.e., each pair conducted four sessions in total).","1) Gesture condition where a collaborator was allowed to use hand gestures and speech  
2) Gesture + Eye condition where eye fixations are also available for the collaborator","1) Eye fixations can serve as a fast and precise pointer to objects of the collaborator’s interest. 2) Eyes and other modalities, such as hand gestures and speech, are used differently for object identification and manipulation. 3) Eyes are used for explicit instructions only when they are combined with speech. 4) The worker can predict some intentions of the collaborator such as his/her current interest and next instruction.",G=4, I=8,NS,lab,Tool/application,We want something that changes people’s behavior / Need to improve existing practices,University; age 20-30,"This application involves several important topics in CSCW, such as efficient monitoring and provision of instructions to multiple workers, long-term assistance with remote collaboration, and heterogeneous monitoring of workspaces by using smartphones as well as fixed POV and wearable cameras.",NS,I) Eye Gaze,I) Optical See-Through Head-Mounted Display,I) NS,1) Gaze Location,1) Visual Attention,1) Gaze,1) Individual,1) pure_indiv,1) I,"a) quality of remote collaboration
B) task completion time","a) survey
B) task outcome","a) performance
B) performance","a) product
B) product","a) 1
B) 1","1-A: Wilcoxon Signed Ranks test->sig
1-B: Wilcoxon Signed Ranks test->sig","non-parametric tests
non-parametric tests","between-group
between-group"
29,bertrand,67,2016,Using Mobile Eye-Trackers to Unpack the Perceptual Benefits of a Tangible User Interface for Collaborative Learning,"— H1: students will better memorize a warehouse’s layout if it is presented as a 3D tangible model.
— H2: when asked to build a warehouse, students will better be able to optimize its layout when using tangible shelves compared to paper ones.
— H3: students will learn more from the task when using tangible shelves.",Metric-construct connection; Observe learning,"The hypothesis behind our study is that tangible interfaces have unique perceptual affordances. We argue that providing a realistic representation of a problem can help students better understand and analyze a complex system. When using 2D paper shelves, we remove the “realistic” aspect of the system while keeping all other parameters mostly unchanged. This allowed us to study the impact of interacting with a small-scale warehouse versus interacting with an augmented diagram",Designing and optimize warehouse layouts,"Participants interacted with
1) 2D paper shelves
2) 3D physical shelves","We found that participants in the first group (i.e. who used 3D realistic shelves) better memorized a warehouse layout, built a more efficient model, and scored higher on a learning test. Additionally, students wore eye-tracking goggles while completing those tasks; preliminary results suggest that 3D interfaces increased joint visual attention, which was found to be a significant predictor for participants’ task performance and learning gains.",G=27,I=54,NS,lab,Model/metric,We need a [better] understanding of how people behave / We need a deeper understanding of construct X; We need a [better] way of measuring / detecting / predicting something,Apprentices in a vocational training program; age mean 19.07,"our results also open the door to the development of new systems in the realm of vocational training education. There is a wide breath of spatial domains where TUIs could help students more easily grasp complex concepts, especially at the introductory level.",NS,I) Eye Gaze,I) Eye Tracker,I) SMI,1) Joint Visual Attention,1) Visual Attention,1) Gaze,1) Group,1) synchro,1) I,"a) task performance
B) learning gain","a) computation
B) survey","a) performance
B) learning","a) product
B) product","a) 1
B) 1","1-A: correlation->sig
1-B: correlation->sig","correlation
correlation","correlation_regression
correlation_regression"
30,edwin,35,2016,Personality classification and behaviour interpretation: An approach based on feature categories,Recognizing and understanding social dimensions (the personality traits and social impressions) during small group interactions.,Model-building,Our research interest focuses on the prediction of personality traits and social impressions of participants during small group interactions.,Winter survival task: rank twelve items important for surviving a airplane crash in harsh winter conditions.,NS,Our experiments show that the combination of intra-personal and one vs all features can greatly improve the prediction accuracy of personality traits and social impressions. Prediction accuracy reaches 81.37% for the social impression named 'Rank of Dominance'.,G=27,I=102,NS,lab,Model/metric; Algorithm,We need [better] way of measuring / detecting / predicting something,NS,"There are three main contributions in this paper. Firstly, we propose a new approach to analyse the relationships between social behaviour features and personality traits/social impressions by using a new feature categorisation, which claries the study of the influence of intra-personal and interpersonal features during social interaction. Secondly, by analysing and interpreting the prediction results, we draw interesting conclusions about the relationships between personality traits/social impressions and related social features Finally, we show that our novel categorisation of features improves the prediction accuracy of personality traits and social impressions.",NS,"II) Video
III) Audio","II) Camera
III) Microphone","II) NS
III) NS","1) Intra-Personal Features
2) Dyadic Features
3) One Vs All Features","1) Facial Expressions
2) Facial Expressions
3) Speech Features","1) Head
2) Head
3) Verbal","1) Individual
 2) Group
 3) Group","1) pure_indiv
2) synchro
3) synchro","1) II, III
2) II, III
3) II, III","a) personality
B) social perception","a) survey
B) survey","a) group composition
B) interpersonal relationship","a) condition
B) process","a) 1
B) 1","1-A: regression: 73.53%->sig
1-B: regression: 76.47%->sig
2-A: regression: 60.54%->sig
2-B: regression: 66.42%->sig
3-A: regression: 65.69%->sig
3-B: regression: 73.53%->sig","regression
regression
regression
regression
regression
regression","correlation_regression
correlation_regression
correlation_regression
correlation_regression
correlation_regression
correlation_regression"
31,bertrand,65,2008,Investigating Automatic Dominance Estimation in Groups From Visual Attention and Speaking Activity,visual dominance ratio (VDR) can estimate dominance in multi-party group discussions where natural verbal exchanges occur ,Model-building,"we investigate a model for visually dominant be- haviour, grounded in findings from social psychology, using fully automatic audio and visual cues to assess whether the most dominant person can be reliably detected when there are varying degrees of agreement in human perceptions of dominance.",We used meeting data from the publicly available AMI meeting corpus [4] ,NS,Our findings suggest that fully au- tomated versions of these measures can estimate effectively the most dominant person in a meeting and can approxi- mate the dominance estimation performance when manual labels of visual attention are used.,G=91, I=?,NS,lab,Model/metric,"Understanding these constructs (e.g., dominance) in automatic systems is desirable for tasks such as for improving task-oriented group effectiveness or remote meeting scenarios ",NS,NS,NS,"II) Video
III) Audio","II) Camera
III) Microphone","II) NS
III) NS","1) Audio Energy Features
2) Visual Attention","1) Speech Features
2) Visual Attention","1) Verbal
2) Gaze","1) Individual
 2) Individual","1) pure_indiv
2) pure_indiv","1) III
2) II",a) dominance,a) human evaluation,a) group composition,a) condition,a) 1,"1,2-A: sup. machine learning: (79.4%)->sig",machine learning,machine-learning
32,steph,14,2017,High Accuracy Detection of Collaboration From Log Data and Superficial Speech Features,Can superficial measures of speech and user interactions of students measure collaboration? ,Model-building,We tested whether superficial measures of speech and user interactions of students would suffice for measuring collaboration.,mathematical task: Positioning a set of cards so that all cards in a row describe the same process,NS,"Using just the speech and tablet log data, several detectors were machine learned and achieved an overall accuracy of 96% (Kappa=0.92), which is higher than earlier attempts to use speech and log data for detecting collaboration",G=14, I=28,NS,lab,Model/metric,We need a [better] way of measuring /detecting / predicting something,University students,NS,NS,"II) Video
III) Audio
V) Log Data
XII) Other","II) Camera
III) Microphone
V) Digital Pen
XII) Digital Pen","II) NS
III) NS
V) Fact - Formative Assessment Using Computational Technology
XII) NS","1) Card Movements
2) Scrolling
3) Zooming
4) Audio Features","1) Task-Related 
2) Task-Related 
3) Task-Related 
4) Speech Features","1) Log Data
2) Log Data
3) Log Data
4) Verbal","1) Individual
 2) Individual
 3) Individual
 4) Individual","1) pure_indiv
2) pure_indiv
3) pure_indiv
4) pure_indiv","1) V
2) V
3) V
4) III","a) collaboration
B) asymmetric contribution
c) cooperation","a) human evaluation
B) human evaluation
c) human evaluation","a) coordination
a) communication
B) coordination
c) coordination","a) process
B) process
c) process","a) 1
B) 1
c) 1","1+2+3+4-A+C: sup. machine learning: (96%)->sig
1+2+3+4-A+B+C: sup. machine learning: (86%)->sig","machine learning
machine learning","machine-learning
machine-learning"
33,edwin,22,2018,Using Interlocutor-Modulated Attention BLSTM to Predict Personality Traits in Small Group Interaction,Can interlocutor-modulated attention BLSTM (IM-aBLSTM) be used to predict personality traits in the ELEA corpus?,Model-building,"In this work, we present a network architecture of interlocutor-modulated attention BLSTM (IM-aBLSTM) that captures both the target speaker’s self vocal behaviors and his/her interactive behaviors with other group members jointly to improve the prediction of the target speaker’s personality traits.",Winter survival task: rank twelve items important for surviving a airplane crash in harsh winter conditions.,NS,"Our framework achieves a promising unweighted recall accuracy of 87.9% in ten different binary personality trait prediction tasks, which outperforms the best results previously reported on the same database by 10.4% absolute. Finally, by analyzing the interpersonal vocal behaviors in the region of high attention weights, we observe several distinct intra- and inter-personal vocal behavior patterns that vary as a function of personality traits.",G=28, I=112,NS,lab,Algorithm,We need a [better] way of measuring /detecting / predicting something,NS,This work presents a preliminary personality prediction result by modeling vocal behaviors between interlocutors via embedding interaction-based attention mechanism in a BLSTM.,"Our future work will focus on leveraging multiple behavior modalities to advance our algorithm in modeling the relationship between target speaker and interlocutors to improve regression correlations across these ten personality traits. Additionally, we would also investigate algorithmic frameworks that jointly models individual behaviors at the group level to predict the final group performance outcome as they engage in a variety of small group interaction contexts.",III) Audio,III) NS,III) NS,1) Speech Utterances,1) Speech Content,1) Verbal,1) Individual,1) pure_indiv,1) III,a) personality,a) survey ,a) group composition,a) condition,a) 1,1-A: sup. machine learning: (87.9%)->sig,machine learning,machine-learning
34,steph,21,2019,Dynamics of Visual Attention in Multiparty Collaborative Problem Solving using Multidimensional Recurrence Quantification Analysis,"How does group-level gaze-UI regularity, defined as the dynamics of teams’ collective attention aligned with changes in the UI, predict collaborative problem-solving processes and outcomes after accounting for individual-level gaze coupling with the UI and other covariates (e.g. verbosity)?","Design, model-building",We investigate teams’ multidimensional patterns of visual attention during a collaborative problemsolving task with an eye for leveraging insights to improve collaborative interfaces.,Minecraft hour of code,1) controlling screen 2) watching screen,"We quantified not only how a team member individually coupled his or her attention with UI changes, but also repeated patterns in the triad’s attention in context with UI changes.",G=37,I=111,NS,lab,Model/metric,We need a [better] way of measuring / detecting / predicting something,University students,Our work is novel by providing a computational assessment of complex computer-mediated collaboration from the lens of triadic visual attention,The next step is to leverage these findings to develop intelligent collaborative user interfaces that monitor the unfolding collaboration and launching interventions to improve the collaborative process and outcomes.,I) Eye Gaze,I) Eye Tracker,I) Eyetribe,"1) Gaze Area Of Interest 
2) Cross-Recurrence Quantification Analysis
3) Multidimensional Recurrence Quantification Analysis","1) Visual Attention
2) Visual Attention
3) Visual Attention","1) Gaze
2) Gaze
3) Gaze","1) Individual
 2) Group
 3) Group","1) pure_indiv
2) synchro
3) synchro","1) I
2) I
3) I","a) construction of shared knowledge
B) negotiation
c) coordination
D) performance
E) performance","a) human evaluation
B) human evaluation
c) human evaluation
D) human evaluation
E) learning test ","a) coordination
B) communication
c) coordination
D) performance
E) learning","a) process
B) process
c) process
D) product
E) product","a) 1
B) 1
c) 1
D) 0
E) 1","2-A: regression->sig 
3-B: regression->sig
3-C: regression->sig
2-D: regression->non
2-E: regression->sig
2-D: regression->non
2-E: regression: nosig","regression
regression
regression
regression
regression
regression
regression","correlation_regression
correlation_regression
correlation_regression
correlation_regression
correlation_regression
correlation_regression
correlation_regression"
35,steph,97,2013,Emergent leaders through looking and speaking: from audio-visual data to multimodal recognition,"Can an analysis of speaking activity features, visual attention features, and multimodal features that rely on the audiovisual synchrony be used to estimate an emergent leader?",Model-building,"In this work, we report the performance in the emergent leader inference using social attention automatically extracted from audio-visual features (e.g. looking at participants while speaking) and using a subset of the ELEA corpus. Additionally, we describe the annotations collected from external observers and we present the perception of the emergent leader from the external observers’ point of view",Survival task,NS,"Although the multimodal features are not the best descriptor of leadership, nor of dominance, they provide some information about the perceived leadership during the interaction, such that being the center of attention while speaking correlates with being perceived as the leader",G=19,I=85,NS,lab,"Dataset, Model/metric",We need a [better] way of measuring / detecting / predicting something,University; age mean 23.1; male 54 female 31,"As future work, the effect of other interesting automatically extracted features, including floor patterns and emotional states on estimating the leader in the group can be investigated.",NS,"III) Audio
II) Video","III) Microphone
II) Camera","III) Dev-Audio
II) Logitech Webcam Pro 9000","1) Speaking Activity
2) Visual Attention
3) Audio-Visual","1) Speech Participation
2) Visual Attention
3) Visual Attention","1) Verbal
2) Gaze
3) Gaze","1) Individual
 2) Individual
 3) Individual","1) pure_indiv
2) pure_indiv
3) pure_indiv","1) II, III","a) personality 
B) group interaction
c) dominance
D) task performance
E) leadership","a) survey
B) survey 
c) survey
D) human evaluation
E) survey","a) group composition
B) interpersonal relationship
c) interpersonal relationship
D) performance
E) interpersonal relationship","a) condition
B) process
c) process
D) product
E) process","a) /
B)/
c) 0
D) /
E) 0","1,3-E: sup. machine learning: (50%)->non
1,3-C: sup. machine learning: (59.1%)->sig","machine learning
machine learning","machine-learning
machine-learning"
36,bertrand,32,2019,Predicting the Quality of Collaborative Problem Solving Through Linguistic Analysis of Discourse,"RQ1: Are Coh-Metrix indices derived from transcripts of discourse between co-located partners related to the quality of their ollaboration and learning gains?
RQ2: Are Coh-Metrix indices different across experimental conditions?
RQ3: Are Coh-Metrix indices associated with MMLA measures (e.g., Joint visual attention, physiological synchrony, nonverbal behaviors) that were previously significantly correlated with collaboration quality?
RQ4: What Coh-Metrix indices are most meaningful for estimating a group’s collaboration?
RQ5: Can Coh-Metrix indices be used to train supervised machine learning algorithms to predict collaboration quality?",Observe learning,"Analyzing this discourse can give insights into how consensus is reached and can estimate the depth of their understanding of the problem. This study uses Coh-Metrix, a natural language processing tool that measures cohesion, to analyze participant discourse",novice programmers collaborated to use a block-based programming language to instruct a robot on how to solve a series of mazes,Speech awareness tool vs no awareness tool,"We significantly correlated thirty-five Coh-Metrix indices from the transcripts of dyads' discourse with collaboration, learning gains, and multimodal sensor values. We then fit a variety of machine learning classifiers to predict collaboration using the indices generated by Coh-Metrix as features. ",G=40, I=80,real-time,lab,Model/metric,We need a [better] understanding of how people behave / We need a deeper understanding of construct X,College students,"This research paves the way for real-time detection of (un)productive interactions from multimodal data, potentially facilitating the development of fail-soft real-time interventions to support collaborative learning. ",NS,"I) Eye Gaze
III) Audio
IV) Kinesiology
VI) EDA","I) Eye Tracker
III) Microphone
IV) Kinect
VI) Smart Wristband","I) Tobii
III) Microsoft Kinect
IV) Microsoft Kinect
VI) Empatica E4","1) Coh-Metrix Indices
2) Physical Synchrony
3) Physiological Synchrony
4) Joint Visual Attention","1) Speech Features
2) Gross Body Motion
3) EDA
4) Visual Attention","1) Verbal
2) Body
3) Physiological
4) Gaze","1) Individual
 2) Group
 3) Group
 4) Group","1) pure_indiv
2) synchro
3) synchro
4) synchro","1) III
2) IV
3) VI
4) I","a) learning gain
B) collaboration
c) conversational features","a) survey
B) human evaluation
c) computation ","a) learning
B) coordination
B) communication
B) engagement
B) interpersonal relationship
c) communication","a) product
B) process
c) process","a) 1
B) 1
c) 1","1-A: correlation->sig
1-B: correlation->sig
1-C: correlation->sig
2-C: correlation->sig
3-C: correlation->sig
4-C: correlation->sig
2-B: sup. machine learning: 84%->sig","correlation
correlation
correlation
correlation
correlation
correlation
machine learning","correlation_regression
correlation_regression
correlation_regression
correlation_regression
correlation_regression
correlation_regression
machine-learning"
37,callie,58,2014,Shared Experiences of Technology and Trust: An Experimental Study of Physiological Compliance Between Active and Passive Users in Technology-Mediated Collaborative Encounters,"Does task/technology conditions (specifically, task demand and technology reliability) affects the level of group PC?
Is PC of a group is positively related to the performance of the group after controlling for effects of task/technology conditions?
Is the PC of a group related to how the passive user estimates the active user’s workload?
Is the PC of a group related to the shared perception about the trustworthiness of the technology among the group members.",Scientific hypothesis testing; Metric-construct connection,"This study aimed to understand the process of joint activity, using PC measures, in technologically complex environments that include active and passive users. This study also investigated how PC relates to task performance and the subjective experience of the group.",psycho-motor tasks in a modified version of the Multiattribute Task Battery (MATB) program,"1) normal condition
2) hard condition
3) low reliability condition",Results indicate that PC is related to group performance after controlling for task/technology conditions. PC is also correlated with shared perceptions of trust in technology among group members.,G=24, I=48,NS,lab,Model/metric,We need a [better] understanding of how people behave / We need a deeper understanding of construct X,College,This study has implications for understanding effective collaboration.,"Technology could play a supportive role in this regard by supporting passive users’ sensitivity to active users’ workload, such as when a teammate is deciding whether or not to interrupt another teammate","VI) EDA
VII) ECG","VI) Wearable Sensor
VII) Wearable Sensor","VI) Mp150 Data Acquisition System
VII) Mp150 Data Acquisition System","1) signal matching - EDA
2) instantaneous derivative matching - EDA
3) directional agreement - EDA
4) cross correlation - EDA
5) weighted coherence - EDA
6) signal matching - Hr
7) instantaneous derivative matching - Hr
8) directional agreement - Hr
9) cross correlation - Hr
10) weighted coherence - Hr Low Frequency
11) weighted coherence - Hr High Frequency","1) EDA
2) EDA
3) EDA
4) EDA
5) EDA
6) Heart
7) Heart
8) Heart
9) Heart
10) Heart
11) Heart","1) Physiological
2) Physiological
3) Physiological
4) Physiological
5) Physiological
6) Physiological
7) Physiological
8) Physiological
9) Physiological
10) Physiological
11) Physiological","1) Group
 2) Group
 3) Group
 4) Group
 5) Group
 6) Group
 7) Group
 8) Group
 9) Group
 10) Group
 11) Group","1) synchro
2) synchro
3) synchro
4) synchro
5) synchro
6) synchro
7) synchro
8) synchro
9) synchro
10) synchro
11) synchro","1) VI
2) VI
3) VI
4) VI
5) VI
6) VII
7) VII
8) VII
9) VII
10) VII
11) VII","a) task performance
B) workload","a) task outcome
B) survey ","a) performance
B) engagement","a) product
B) process","a) 0
B) 0","1-A: LME->non
2-A: LME->non
3-A: LME->sig
4-A: LME->non
5-A: LME->non
6-A: LME->non
7-A: LME->non
8-A: LME->non
9-A: LME->non
10-A: LME->non
11-A: LME->non
1-B: LME->non
2-B: LME->non
3-B: LME->non
4-B: LME->non
5-B: LME->non
6-B: LME->non
7-B: LME->non
8-A: LME->non
9-A: LME->non
10-A: LME->non
11-A: LME->non","LME
LME
LME
LME
LME
LME
LME
LME
LME
LME
LME
LME
LME
LME
LME
LME
LME
LME
LME
LME
LME
LME","correlation_regression
correlation_regression
correlation_regression
correlation_regression
correlation_regression
correlation_regression
correlation_regression
correlation_regression
correlation_regression
correlation_regression
correlation_regression
correlation_regression
correlation_regression
correlation_regression
correlation_regression
correlation_regression
correlation_regression
correlation_regression
correlation_regression
correlation_regression
correlation_regression
correlation_regression"
38,edwin,42,2017,Using Multimodal Learning Analytics to Identify Aspects of Collaboration in Project-Based Learning,Which features of MMLA are good predictors of collaborative problem-solving in open-ended tasks in project-based learning?,Design,"One of the aims of the project is to develop learning analytics tools for hands- on, open-ended STEM and STEAM learning activities using physical computing.",Prototype an interactive toy,NS,"In this research study, we presented that where the students are looking, the distance between them, the motion of their hands our key features for a learning analytics system to be effectively used to identify collaboration in small groups of Engineering students.",G=12, I=36,NS,lab,Tool/application,We want something that changes people’s behavior / Need to improve existing practices,College; age mean 20; male 17 female 1,These results are significant for the CSCL community as a starting point to investigate further what features of MMLA can be used to support collaborative learning providing insights about the physical and embodied processes involved in hands-on learning and how.,NS,II) Video,II) Camera,II) NS,"1) Count Of Faces Looking At Screen
2) Distance Between Learners
3) Mean Distance Between Hands (dbh)
4) Hand Motion Speed","1) Visual Attention
2) Location
3) Hand Motion
4) Hand Motion","1) Gaze
2) Body
3) Body
4) Body","1) Group
 2) Group
 3) Individual
 4) Individual","1) synchro
2) synchro
3) pure_indiv
4) pure_indiv","1) II
2) II
3) II
4) II","a) engagement
B) synchronisation
c) individual accountability","a) human evaluation
B) human evaluation
c) human evaluation","a) engagement
B) interpersonal relationship 
c) coordination","a) process
B) process
c) process","a) 1
B) 1
c) 1","3-C: regression->sig
3-B: regression->sig
1,3-B: regression->sig
3-A: regression->sig","regression
regression
regression
regression","correlation_regression
correlation_regression
correlation_regression
correlation_regression"
39,edwin,44,2016,Modeling Collaboration Patterns on an Interactive Tabletop in a Classroom Setting,Can the quality of groups’ collaborative learning processes be detected using touch data alone?,Metric-construct connection,"In this paper, we present a follow-up study conducted in a classroom field setting with high school students to find out if these touch interaction patterns continue to reflect collaborative learning processes beyond the original lab setting.",To design and build a website around a topic of their choosing,"1) Microsoft PixelSense SDK
2) Web browser-based",We found that two of the touch patterns in combination—Unrelated Touches and a modified version of Overlapping Sequences—were clearly associated with quality of collaboration in up to 84.2% of cases.,G=13, I=16,NS,eco,Model/metric,We need a [better] way of measuring / detecting / predicting something,High School; female 10 male 6,NS,"As well as helping groups of students to improve their collaboration processes, the approach to detecting collaboration quality described in this paper could be used to help teachers to monitor small group work in their classroom.",V) Log Data,V) Touch Screen,V) Microsoft Pixelsense Sdk,1) Touch Patterns,1) Touch,1) Log Data,1) Individual,1) pure_indiv,1) V,a) social regulation,a) human evaluation,a) coordination,a) process,a) 1,1-A: computation: (84.2%)->sig,computation,descriptive
40,steph,26,2018,Toward Using Multi-Modal Learning Analytics to Support and Measure Collaboration in Co-Located Dyads,"Do visualizations of participant participation influence critical constructs captured by traditional and multi-modal measurement techniques such as collaboration quality, task understanding and learning gains?",Scientific Hypothesis Testing,We explored 2 interventions to support their collaboration: a real-time visualization of their verbal contribution and a short verbal explanation of the benefits of collaboration for learning. ,Use block-based programming to navigate a simple robot through a series of mazes,"1) speech equity visualization (SEV) + informational collaboration intervention (ICI)
2) SEV
3) ICI
4) none","Analysis of researcher’s coding of participants’ collaboration quality found that while collaboration quality improved for both groups that received the informational intervention, there was no significant improvement of collaboration quality for the groups that received the visualization intervention and no significant advantage conferred to the group that experienced both interventions.",G=42, I=84,real-time,lab,Tool/application,We want something that changes people’s behavior / Need to improve existing practices,College and members of community; age mean 26.7; female 60%,"We collected a rich multi-modal dataset that can be used to build proxies for measuring effective collaborations. As a preliminary analysis, we found that various indicators captured by the Kinect sensor were correlated with participants’ quality of collaboration (e.g., amount of talking and movements)",NS,"III) Audio
I) Eye Gaze
VI) EDA
IV) Kinesiology","III) Kinect
I) Eye Tracker
VI) Wearable Sensor 
IV) Kinect","III) Kinect
I) Tobii Eye Trackers
VI) Empatica E4
IV) Microsoft Kinect","1) Total Movement Across Upper Body Joints And Body Parts
2) Talking Time","1) Gross Body Motion
2) Speech Participation","1) Body
2) Verbal","1) Individual
 2) Individual","1) pure_indiv
2) pure_indiv","1) IV
2) III",a) collaboration quality,a) human evaluation ,"
a) coordination
a) communication
a) engagement
a) interpersonal relationship",a) process,a) 1,"1-A: correlation->sig
2-A: correlation->sig","correlation
correlation","correlation_regression
correlation_regression"
41,steph,1,2019,An Alternate Statistical Lens to Look at Collaboration Data: Extreme Value Theory,"How can the extreme values (i.e., the moments with extremely high or extremely low values) of eye-tracking data during collaobration inform us of the students’ learning gains?",Model-building,To propose two types of shifts from the traditional analyses of how visual focus of peers is related to collaborative outcomes. ,"1) collaborative concept-map building activity
2) problem-solving activity around fractions using a networked collaborative ITS",NS,In both datasets we found that students with lower outcomes had lower focus during the collaborative session,G=24,I=48,NS,lab,Algorithm,We need a [better] way of measuring / detecting / predicting something,"1) NS
2) 4th and 5th grade",This paper contributes to the CSCL literature by providing an alternate method for analysing relationships between process and outcome data that complements existing methodology while also extending our understanding of the relationship between visual focus and collaborative outcomes.,NS,I) Eye Gaze,I) Eye Tracker,I) NS,1) Evt Of Spatial Entropy,1) Visual Attention,1) Gaze,1) Individual,1) pure_indiv,1) I,"a) collaboration outcome
B) learning gain","a) task outcome
B) learning test ","a) performance
B) learning","a) product
B) product","a) 1
B) 1","1-A: regression->sig
1-B: regression->sig","regression
regression","correlation_regression
correlation_regression"
42,iulian,106,2019,Going beyond what is visible: What multichannel data can reveal about interaction in the context of collaborative learning?,"1) How do phase of working and type of interaction relate to simultaneous occurrence of arousal among group members? 2) What types of facial expression (positive, negative, or neutral) are observed when arousal occurs simultaneously among group members? 3) How does regulation of learning appear during interaction when arousal occurs simultaneously among group members?",Model-building,"They ""investigate whether physiological sensors in combination with facial expression recognition data can shed light on the quality of social interaction during collaborative learning""","“Design a perfect breakfast for a
marathon runner.”",NS,"The results show that simultaneous arousal episodes occurred throughout phases of collaborative learning and the learners presented the most negative facial expressions during the simultaneous arousal episodes. Most of the collaborative interaction during simultaneous arousal was low-level, and regulated learning was not observable. However, when the interaction was high-level, markers of regulated learning were present; when the interaction was confused, it included monitoring activities. This",G=16, I=48,NS,NS,Model/metric,We need a [better] way of measuring / detecting / predicting something,high school students; 27 females 21 males; (Mean age=17.4 years; SD=0.67),NS,"This study demonstrates that new technologies such as facial recognition software and physiological signals can be used unobtrusively in collaborative learning contexts to capture episodes that may reveal regulated learning or the need to activate it. In the future, this type of multichannel data should be used for validating contextual data, and students’ own interpretations of simultaneous arousal episodes would provide valuable insights for data interpretation","II) Video
III) Audio
VI) EDA","II) Camera
III) Microphone
VI) Wearable Sensor","II) 360 Video Camera Moore System
III) 360 Video Camera Moore System
VI) Empatica E3","1) Facial Expression
2) Physiological Simultaneous Arousal","1) Facial Expressions
2) EDA","1) Head
2) Physiological","1) Individual
 2) Group","1) pure_indiv
2) synchro","1) II
2) VI","a) type of working activity
B) group interaction","a) human evaluation
B) human evaluation","a) coordination
B) coordination","a) process
B) process","a) 0
B)0","1-A: computation->non
1-B: ANOVA->sig
2-A: computation->non
2-B: computation->non","computation
ANOVA
computation
computation","descriptive
between-group
 descriptive
 descriptive"
43,iulian,11,2019,Task-independent Multimodal Prediction of Group Performance Based on product Dimensions,Can we develop prediction models of outputting the performance for multiple group meeting tasks that do not have a clear correct answer ?,Model-building,"This paper proposes an approach to develop models for predicting the performance for multiple group meeting tasks, where the model has no clear correct answer","Different types of planning tasks, part of MATRICS corpus",NS,The results find that a support vector regression model archived a 0.76 correlation in the discussion-task-dependent setting and 0.55 in the task-independent setting,G=30, I=40,NS,lab,Algorithm,We need a [better] way of measuring / detecting / predicting something,NS (see MATRICS corpus),NS,We need a [better] way of measuring / detecting / predicting something,"III) Audio
IV) Kinesiology
V) Log Data","III) Microphone
IV) Wearable Sensor
V) Digital Pen","III) NS
IV) NS 
V) NS","1) Speaking Turn Features
2) Acoustic Features
3) Head Motion Features
4) Linguistic Features","1) Speech Participation
2) Speech Features
3) Head Motion
4) Speech Content","1) Verbal
2) Verbal
3) Head
4) Verbal","1) Group
 2) Individual
 3) Individual
 4) Individual","1) indiv_freq_in_group
2) pure_indiv
3) pure_indiv
4) pure_indiv","1) III
2) III
3) IV
4) V",a) task performance,a) human evaluation,a) performance,a) product,a) 1,1*2*3*4-A: unsup. machine learning->sig,machine learning,machine-learning
44,bertrand,52,2014,Toward Collaboration Sensing,"Does dual eye-tracking data, modeled with network analyses techniques, predict collaborative learning?",Model-building,applications of network analysis techniques to eye-tracking  data collected during collaborative learning activities to predict collaboration,analyzing contrasting cases,"1) visible gaze
2) no visible gaze","We found that among the eight dimensions of collaboration that we considered, 20 we were able to roughly predict (using a median-split) students’ quality of collaboration with 21 an accuracy between ~85 and 100 %. ",G=16, I=32,real-time,lab,Model/metric,We need a [better] way of measuring / detecting / predicting something,"College students; age mean 23; 28 females, 14 males","our graph visualizations help other researchers gain further insights into their own datasets. We believe that network visualizations can advantageously complement existing plots and graphs for initial data exploration, and that various social settings could benefit from the visualization developed in this paper (e.g., parent-infant interactions, diplomatic negotiations, psychotherapeutic dialogues, brainstorming sessions, or sales activities).","In formal learning environments, such measures could be computed in real time; teachers could employ such metrics of ‘collaboration sensing’ to target specific interventions while students are at work on a task. In informal networked learning, collaboration sensor metrics could trigger hints or provide other scaffolds for guiding collaborators to more productive coordination of their attention and action.",I) Eye Gaze,I) Eye Tracker,I) Tobii,1) Network Features,1) Visual Attention,1) Gaze,1) Individual,1) pure_indiv,1) I,a) collaboration quality,a) human evaluation,"
a) coordination
a) communication
a) engagement
a) interpersonal relationship",a) process,a) 1,"1-A: sup. machine learning: (85-100%)->sig
1-A: correlation->sig","machine learning
correlation","machine-learning
correlation_regression"
45,steph,169,2017,Supervised machine learning in multimodal learning analytics for estimating success in project-based learning,Which features of students' group work that can be automatically collected with our MMLA system are good predictors of students' project outcomes in open-ended learning activities with physical computing?,Observe learning,"In this paper, we investigated how MMLA data can be used to support project-based learning from a specially designed worktable environment, where small groups of students use new physical computing components to solve open-ended tasks.","3 open-ended design task: 
1: prototype of an interactive toy
2: prototype a color sorting machine
3: build an autonomous automobile",NS,"The results illustrate that state-of-the-art computational techniques can be used to generate insights into the ""black box"" of learning in students' project-based activities. The features identified from the analysis show that distance between learners' hands and faces is a strong predictor of students' artefact quality, which can indicate the value of student collaboration.",G=6, I=18,NS,lab,Model/metric,We need a [better] way of measuring / detecting / predicting something,Engineering University students ,"The work presented here is a significant contribution towards developing techniques to automatically identify the key aspects of students success in project-based learning environments, and to ultimately help teachers provide appropriate and timely support to students in these fundamental aspects. ",the techniques and types of data we presented here can be the first step towards the evidence-informed and effective implementation and evaluation of project-based learning at a scale.,"IV) Kinesiology
IV) Kinesiology
III) Audio
V) Log Data","IV) Kinect
IV) Kinect
III) Microphone
V) Arduino Ide ","IV) Logitech C920
IV) Microsoft Kinect
III) NS
V) Arduino","1) Number Of Faces Looking At Screen
2) Mean Distance Between Learners 
3) Mean Distance Between Hands
4) Mean Hand Movement Speed
5) Mean Audio Level
6) Arduino Measure Of Complexity
7) Arduino Active Hardware Blocks
8) Arduino Active Software Blocks
9) Arduino Active Blocks
10) Student Work Phases","1) Head Motion
2) Location
3) Hand Motion
4) Hand Motion
5) Speech Features
6) Task-Related
7) Task-Related
8) Task-Related
9) Task-Related
10) Task-Related","1) Head
2) Body
3) Body
4) Body
5) Verbal
6) Log Data
7) Log Data
8) Log Data
9) Log Data
10) Log Data","1) Group
 2) Group
 3) Individual
 4) Individual
 5) Individual
 6) Individual
 7) Individual
 8) Individual
 9) Individual
 10) Individual","1) indiv_freq_in_group
2) synchro
3) pure_indiv
4) pure_indiv
5) pure_indiv
6) object_indiv
7) object_indiv
8) object_indiv
9) object_indiv
10) pure_indiv","1) IV
2) VI
3) VI
4) VI
5) III
6) V
7) V
8) V
9) V
10) IV",a) task performance,a) human evaluation,a) performance,a) product,a) 0,1*2*3*4*5*6*7*8*9*10-A: sup. machine learning: (24%)->non,machine learning,machine-learning
46,steph,55,2012,Multimodal prediction of expertise and leadership in learning groups,"Can prosodic, voice quality and writing-based features be used to determine socially dominant and experts in a group? ",Model-building,"In this study, we investigate low level predictors from audio and writing modalities for the separation and identification of socially dominant leaders and experts within a study group.",Geometry and algebra problems,"1) Assigned leader
2) Regular participant",we found a number of significant predictors in the prosodic domain for the separation of the assigned leaders from other students and less predictors for the separation of experts and other students,G=6,I=18,NS,lab,Model/metric,We need a [better] way of measuring / detecting / predicting something,high school students ,The automatic prediction then can be used to improve the objective evaluation of group learning tasks and optimize individualized student specific learning strategies.,NS,"III) Audio
V) Log Data ","III) Microphone
V) Digital Pen","III) NS
V) Anoto","1) Pause Duration
2) Energy
3) Articulation Rate
4) Fundamental Frequency
5) Peak Slope
6) Spectral Stationarity 
7) Writing Rate
8) Writing Area 
9) Aspect Ration
10) Pressure
11) Uninterrupted Writing 
12) Pause Distribution/Average Pauses","1) Speech Participation
2) Speech Features
3) Speech Features
4) Speech Features
5) Speech Features
6) Speech Features
7) Text
8) Text
9) Text
10) Text
11) Text
12) Text","1) Verbal
2) Verbal
3) Verbal
4) Verbal
5) Verbal
6) Verbal
7) Log Data
8) Log Data
9) Log Data
10) Log Data
11) Log Data
12) Log Data","1) Individual
 2) Individual
 3) Individual
 4) Individual
 5) Individual
 6) Individual
 7) Individual
 8) Individual
 9) Individual
 10) Individual
 11) Individual
 12) Individual","1) pure_indiv
2) pure_indiv
3) pure_indiv
4) pure_indiv
5) pure_indiv
6) pure_indiv
7) pure_indiv
8) pure_indiv
9) pure_indiv
10) pure_indiv
11) pure_indiv
12) pure_indiv","1) III
2) III
3) III
4) III
5) III
6) III
7) V
8) V
9) V
10) V
11) V
12) V","a) leadership
B) expertise","a) assigned
B) task outcome","a) group composition
B) group composition","a) condition
B) condition","a) 1
B) 0","1-A: t-test->sig
3-A: t-test->sig
5-A: t-test->sig
6-A: t-test->sig
5-B: t-test->sig
3-B: t-test->non
1-B: t-test->non
6-B: t-test->non","t-test
t-test
t-test
t-test
t-test
t-test
t-test
t-test","between-group
between-group
between-group
between-group
between-group
between-group
between-group
between-group"
47,steph,48,2017,Estimation of success in collaborative learning based on multimodal learning analytics features,Which features of student group work are good predictors of team success in open-ended tasks with physical computing?,Model-building,The aim of this paper is to investigate how Multimodal Learning Analytics (MMLA) can be used to support project-based learning from a specially designed worktable environment where small groups of students (three students) use new physical computing components to solve open-ended tasks.,open ended task with physical computing,NS,We found that the planning and building stages of students learning activities are better predictors of their success than the reflection stage. Our results show that the Distance between Hands DBH hands and Distance between Learners DBL are key features to predict students’ performances in practice-based learning activities.,G=6,I=18,NS,lab,Model/metric,We need a [better] way of measuring / detecting / predicting something,university students; age mean 20; female 1 male 17,NS,NS,"IV) Kinesiology
V) Log Data
III) Audio","IV) Kinect
V) Arduino Ide
III) Microphone","IV) NS
V) Arduino
III) Microphone","1) Faces Looking At Screen 
2) Distance Between Learners
3) Mean Distance Between Hands
4) Number Of Active Blocks
5) Variety Of Hardware Blocks
6) Variety Of Software Blocks 
7) Number Of Interconnections Between Blocks 
8) Audio Level","1) Head Motion
2) Location
3) Hand Motion
4) Task-Related
5) Task-Related
6) Task-Related
7) Task-Related
8) Speech Features","1) Head
2) Body
3) Body
4) Log Data
5) Log Data
6) Log Data
7) Log Data
8) Verbal","1) Group
 2) Group
 3) Individual
 4) Individual
 5) Individual
 6) Individual
 7) Individual
 8) Individual","1) pure_indiv
2) pure_indiv
3) pure_indiv
4) object_indiv
5) object_indiv
6) object_indiv
7) object_indiv
8) pure_indiv","1) IV
2) IV
3) IV
4) V
5) V
6) V
7) V
8) III",a) task performance,a) human evaluation ,a) performance,a) product,a) 1,"1+2-A: sup. machine learning->sig
8-A: sup. machine learning->sig","machine learning
machine learning","machine-learning
machine-learning"
48,steph,16,2017,Unpacking Collaborative Learning processes during Hands-on Activities using Mobile Eye-Trackers,"1. Is JVA associated with higher quality of collaboration; more specifically, is JVA associated with participants’ ability to sustain mutual understanding? 
2. Is the number of cycles of individual work (no-JVA) and collaborative interactions (JVA) positively associated with the three outcome measures (collaboration, task performance, learning gains)?",Scientific hypothesis testing; Metric-construct connection,This paper is about going beyond capturing JVA and finding more precise indicators of collaborative learning.,program a robot to autonomously solve a series of increasingly complex mazes,"1) no intervention
2) visualization intervention
3) information intervention 
4) visualization + information intervention",JVA is positively correlated with high quality collaborative interactions and cycles of collaborative/individual work,G=42, I=84,real-time,lab,Model/metric,We need a [better] understanding of how people behave / We need a deeper understanding of construct X,age mean 26.7; female 60%,"this study shows that it is possible to develop new ways of capturing 21st century skills in hands-on tasks typical of makerspaces. Even with the limitations mentioned above, this work makes a first step in this direction and opens the way to more rigorously studying collaborative processes in open-ended learning environments using dual mobile eye-trackers.",NS,I) Eye Gaze,I) Eye Tracker,I) Tobii Pro Glasses 2,1) Joint Visual Attention,1) Visual Attention,1) Gaze,1) Group,1) synchro,1) I,"a) collaboration quality
B) collaboration
c) learning gain 
D) task performance","a) human evaluation
B) human evaluation
c) survey
D) task outcome","a) coordination
B) coordination
B) communication
B) engagement
B) interpersonal relationship
c) learning
D) performance","a) process
B) process
c) product
D) product","a) 1
B) 0
c) 0
D) 0","1-A: correlation->sig
1-A: correlation->sig","correlation
correlation","correlation_regression
correlation_regression"
49,steph,37,2015,3D Tangibles Facilitate Joint Visual Attention in Dyads,What is the effect of tangibles on students' visual coordination? ,Metric-construct connection,The goal of this paper is to close this gap by providing highly granular data on users’ visual coordination around a TUI.,optimize the layout of a warehouse on a TUI,"1) working with 2D paper shelves
2) working with 3D tangible shelves","We found that 3D tangibles seemed to facilitate visual coordination between users, which in turn was associated with higher performances on an optimization task.",G=27,I=54,NS,lab,Model/metric,We need a [better] understanding of how people behave / We need a deeper understanding of construct X,age mean: 18,we believe that the methodology and results described above are promising building blocks for studying visual coordination (and more generally collaborative learning) in small groups of students.,NS,I) Eye Gaze,I) Eye Tracker,I) SMI Eye- Tracking Glasses With Binocular Pupil Tracking At 30Hz,1) Joint Visual Attention,1) Visual Attention,1) Gaze,1) Group,1) synchro,1) I,"a) collaboration quality
B) student performance 
c) learning gain ","a) human evaluation
B) task outcome
c) survey","
a) coordination
a) communication
a) engagement
a) interpersonal relationship
B) performance
c) learning","a) process
B) product
c) product","a)1
B)1
c) 1","1-A: correlation->sig
1-B: regression->sig
1-C: correlation->sig","correlation
regression
correlation","correlation_regression
correlation_regression
correlation_regression"
50,steph,24,2018,Exploring Collaboration Using Motion Sensors and Multi-Modal Learning Analytics,Can we measure the quality of collaboration by analyzing participant movement and correlating a variety of measures with task performance and a coding scheme for assessing collaboration quality in dyads?,Model-building,We explore how unsupervised machine learning algorithms can find prototypical states from dyads of students when learning to program a robot.,program a robot to autonomously solve a series of increasingly complex mazes,"1) no intervention
2) visualization intervention
3) information intervention 
4) visualization + information intervention""",We first show how certain movements and patterns of gestures correlate positively with collaboration and learning gains. We next use clustering algorithms to find prototypical body positions of participants and relate amount of time spent in certain postures with learning gains,G=42, I=84,real-time,lab,Model/metric ,We need a [better] way of measuring / detecting / predicting something,age mean 26.7; female 60%,"We found predictors for those dependent measures in a naturalistic, open-ended task that routinely takes place in makerspaces and engineering courses. While there are limitations to this work, our contribution paves the way to rich multimodal analyses of students’ collaboration. It also unlocks new opportunities to design innovative interventions to support social interactions in small groups",NS,IV) Kinesiology,IV) Kinect,IV) Microsoft Kinect,"1) Joint Movement
2) Joint Angle
3) Dyad Proximity","1) Gross Body Motion
2) Gross Body Motion
3) Location","1) Body
2) Body
3) Body","1) Group
 2) Group
 3) Group","1) synchro
2) synchro
3) synchro","1) IV
2) IV
3) IV","a) task performance
B) collaboration
c) learning gain","a) human evaluation
B) human evaluation
c) survey","a) performance
B) coordination
B) communication
c) learning","a) product
B) process
c) product","a) 1
B) 0
c) /","1-A: correlation->sig
1-B: correlation->non
2-A: correlation->sig
3-B: correlation->non
3-A: correlation->sig","correlation
correlation
correlation
correlation
correlation","correlation_regression
correlation_regression
correlation_regression
correlation_regression
correlation_regression"
51,iulian,213,2016,Investigating collaborative learning success with physiological coupling indices based on electrodermal activity,1. Which PCI reflects better the collaborative will? 2.  Which PCI predicts the collaborative learning productand the dual learning gain the best,Metric-construct connection,"More  is  needed  to  knowabout socio-emotional and cognitive interaction pro-cesses, and new methodological solutions may offer what theearlier have not achieved. The measurement of collaborationin general is a challenge as such, as there are not enough in-dicators available so far",design nutritious breakfast,NS,"Regression analy-ses showed that out of the five PCIs, IDM related the mostto CW and was the best predictor of the CLP. Meanwhile,DA predicted DLG the best.",G=16,I=46,NS,lab,Model/metric,We need a [better] way of measuring / detecting / predicting something,age 16-19,"As  biosensors  are  becoming  more  and  more  common  ineveryday life,  we believe that they can increase the acces-sibility  to  a  data  source  with  potential  to  enrich  the  LAfield.   They  can  be  used  as  input  for  a  learning-orientedbiofeedback dashboard in a computer supported collabora-tive learning (CSCL) context. ",Further studies on the applications of EDA to the learn-ing  sciences  should  consider  the  laterality  effect.   Lateralmeasures  need  to  be  compared  and  correlated  to  learning.,VI) EDA,VI) Wearable Sensor,VI) Empatica E3,"1) Signal Matching 
2) Instantaneous Derivative Matching 
3) Directional Agreement
4) Pearson’S Correlation Coefficient 
5) Fisher’S Z-Transform Of Pearson'S Correlation Coefficient","1) EDA
2) EDA
3) EDA
4) EDA
5) EDA","1) Physiological
2) Physiological
3) Physiological
4) Physiological
5) Physiological","1) Group
 2) Group
 3) Group
 4) Group
 5) Group","1) synchro
2) synchro
3) synchro
4) synchro
5) indiv_freq_in_group","1) VI
2) VI
3) VI
4) VI
5) VI","a) collaborative will
B) collaborative learning product
c) group learning gain","a) survey
B) human evaluation
c) human evaluation","a) interpersonal relationship
B) learning
c) learning","a) process
B) product
c) product","a) 1/0
B) 1/0
c) 1/0","1,3,4,5-A : regression->non
2-A: regression->sig
1,3,4,5-B : regression->non
2-B: regression->sig
1,2,4,5-C: regression->non
3-C: regression->sig","regression
regression
regression
regression
regression
regression","correlation_regression
correlation_regression
correlation_regression
correlation_regression
correlation_regression
correlation_regression"
52,iulian,13,2017,Multimodal Analysis of Vocal Collaborative Search:A Public Corpus and Results,What is the relationship between the nonverbal and verbal features and three measures of successful interaction?,Metric-construct connection,We created an experiment to mimic complex voice search tasks in order to understand how affective signals can be used to improve information retrieval.,information seeking tasks,NS,"We found that those who were expressive in channels that were missing from the communication channel (e.g., facial actions and gaze) were rated as communicating poorly, being less helpful and understanding. Having a way of reinstating nonverbal cues into these interactions would improve the experience, even when the tasks are purely information seeking exercises.",G=22,I=44,NS,lab,Model/metric,We need a [better] way of measuring / detecting / predicting something,age 24-65; 24 females; 20 males,"Designing successful agents that interpret and express emotion probably requires visual cues, in addition to audio cues, even if the interactions are by voice alone.","Agents that lack these abilities are likely to be rated as less helpful in addition to being poorer communicators. However, testing this with an artificial agent remains as future work.","II) Video
III) Audio","II) Camera
III) Microphone","II) NS
III) NS","1) Linguistic Features
2) Voice Features
3) Facial Expression","1) Speech Content
2) Speech Features
3) Facial Expressions","1) Verbal
2) Verbal
3) Head","1) Individual
 2) Individual
 3) Individual","1) pure_indiv
2) pure_indiv
3) pure_indiv","1) III
2) III
3) II","a) social perception
B) social perception 
c) social perception","a) survey
B) survey
c) survey","a) interpersonal relationship
B) interpersonal relationship
c) interpersonal relationship","a) process
B) process
c) process","a) 1
B) 1
c) 1","1+2+3-A: correlation->sig
1+2+3-B: correlation->sig
1+2+3-C: correlation->sig
1,2-A: correlation->non
1,2-B: correlation->non
1,2-C: correlation->non
3-A: correlation->sig
3-B: correlation->sig
3-C: correlation->sig","correlation
correlation
correlation
correlation
correlation
correlation
correlation
correlation
correlation","correlation_regression
correlation_regression
correlation_regression
correlation_regression
correlation_regression
correlation_regression
correlation_regression
correlation_regression
correlation_regression"
53,iulian,44,2020,Focused or Stuck Together: Multimodal Patterns Reveal Triads’ Performance in Collaborative Problem Solving,"RQ1:  What  behavioral  patterns  (in  terms  of  the  team’s interaction, speech, and body movement)  emerge  during remote collaborative problem solving?•RQ2: How do these patterns predict subjective and objective outcomes? •RQ3:  What  is  the  advantage  of  multimodal  patterns  over unimodal primitives?",Model-building,we aim   to identifyinterpretable  patterns  in  teams’  verbal  and  nonverbal  behaviors that correlate with meaningful outcomes during remote CPS. ,collaborative programming,NS,"We  found  that idling with limited  speech  (i.e., silence or  backchannel  feedback  only) and without    movement    was    negatively    correlated    with    task performance and with participants’  subjective perceptions of the collaboration. However, being silent and focused during solution execution   was   positively   correlated   with task performance. Results   illustrate that in   some   cases,   multimodal   patterns improved the predictions and improved explanatory power overthe unimodal primitives.",G=116,I=348,NS,lab,Model/metric,We need a [better] way of measuring / detecting / predicting something,students age mean 20,Our   work provides   in-detailed   insights   on   interaction patterns and behaviors observed   in   the   large-scaled   datasets and has implications for the design of real-time interventions.,"uture  research  should  include  factors  such  as the team’s  demographic  composition,  personality  differences,  prior knowledge  effects,  and task-related  aspects  (i.e.,  establishing common   grounds,   setting   goals,   or   getting familiar with teammates) in order to study the incremental predictive validity of the patterns over these more stable factors. ","II) Video
V) Log Data","II) Camera
V) Own Application","II) NS
V) NS","1) Type Of Activity Done In Task
2) Amount Of Face And Body Movement
3) Target For Discussion Partner","1) Task-Related
2) Gross Body Motion
3) Task-Related","1) Log Data
2) Body
3) Log Data","1) Individual
 2) Individual
 3) Individual","1) content_indiv
2) pure_indiv
3) pure_indiv","1) V
2) II
3) II","a) task performance
B) perception of collaboration","a) human evaluation
B) survey","a) performance
B) interpersonal relationship","a) product
B) process","a) 1
B) 1","1*2*3-A: correlation->sig
1*2*3-B: correlation->sig","correlation
correlation","correlation_regression
correlation_regression"
54,iulian,28,2018,"Using Physiological Synchrony as an Indicator of Collaboration Quality, Task Performance and Learning",Do physiological measures of synchrony relate to learning gains and collaboration? Does telling participants to balance their collaboration actually influence changes in physiological synchrony?,Metric-construct connection,"The goal of this project is to explore how various kinds of sensors, such as eye-trackers, motion  sensors, galvanic skin response wristbands, can capture proxies of 21st  skills during learning activities. ",robot programming,2x2 with two variables 1] presence of visual indication of speech balance;  2] presence of instruction about speech balance benefits on collaboration,Detected some correlations between physiological synchrony indicators and learning/collaboration,G=42,I=84,real-time,lab,Model/metric,We need a [better] way of measuring / detecting / predicting something,age mean 26.7; female 60%,NS,"In terms of future work, we want to consider the more specific characteristics of EDA: tonic versus phasic changes.","II) Video
III) Audio
VI) EDA","II) Kinect
III) Kinect
VI) Wearable Sensor","II) NS
III) NS
VI) Empatica E4","1) Signal Matching
2) Instantaneous Derivative Matching 
3) Directional Agreement 
4) Pearson Correlation Coefficient
5) Speech Activity","1) Combined
2) Combined
3) Combined
4) Combined
5) Speech Participation","1) Physiological
2) Physiological
3) Physiological
4) Physiological
5) Verbal","1) Group
 2) Group
 3) Group
 4) Group
 5) Group","1) synchro
2) synchro
3) synchro
4) synchro
5) indiv_freq_in_group","1) VI
2) VI
3) VI
4) VI
5) III","a) learning gain
B) collaboration quality
c) collaboration quality
D) colaboration quality
E) collaboration quality","a) survey
B) human evaluation
c) human evaluation
D) human evaluation
E) human evaluation","a) learning
B) coordination
B) communication
B) engagement
B) interpersonal relationship
c) coordination
D) coordination
E) coordination","a) product
B) process
c) process
D) process
E) process","a) 1/0
B) 1/0
c) 1/0
D) 1/0
E) 1/0","1,2,3-A: correlation ->non
4-A: correlation->sig
5-A: ANOVA ->sig
1,2,4-B: correlation ->non
3-B: correlation->sig
1,2,4-C: correlation ->non
3-C: correlation->sig
1,2,4-D: correlation->non
3-D: correlation->sig
1,2,3-E: correlation ->non
4-E: correlation->sig","correlation
correlation
ANOVA
correlation
correlation
correlation
correlation
correlation
correlation
correlation
correlation","correlation_regression
correlation_regression
between-group
correlation_regression
correlation_regression
correlation_regression
correlation_regression
correlation_regression
correlation_regression
correlation_regression
correlation_regression"
55,callie,26,2017,Moving as a Leader: Detecting Emergent Leadership in Small Groups using Body Pose,"i) Can the Pose All perform better than existing visual activity based nonverbal features (NFs) (Head Body Act) in predicting emerging leaders (EL)? 
ii) Can unsupervised feature learning (DBM) contribute to improve the most and the least EL identication performances of Pose All? If yes, is it performing better than pre-processed Head Body Act? 
iii) Can Pose All contribute to improve the most and the least EL detection performances of already well-performing NFs, i.e. V FOA and Speak Act? If yes, is its contribution better than Head Body Act's?",Model-building,"In this work, the main question asked is if the proposed pose-based nonverbal features perform better than existing Visual Act based nonverbal features for the identication of the most and the least emerging leaders.",Survival task,NS,"Overall, when feature subsets were used, the pose-based NFs were not signicantly better or worse than other Visual Act based NFs, although Head Act was particularly good at the least EL detection.",G=16, I=64,NS,lab,Model/metric,We need a [better] way of measuring / detecting / predicting something,44 females; 20 males; unacquainted; same gender within group,NS,NS,"II) Video
III) Audio","II) Camera
III) Microphone","II) NS
III) NS","1) Head/Body Movement
2) Non/Concurrent Speech Length
3) Speaking Turn Duration/Number
4) Interruption","1) Gross Body Motion
2) Speech Participation
3) Speech Participation
4) Speech Participation","1) Body
2) Verbal
3) Verbal
4) Verbal","1) Individual
 2) Individual
 3) Group
 4) Group","1) pure_indiv
2) pure_indiv
3) indiv_freq_in_group
4) indiv_freq_in_group","1) II
2) III
3) III
4) III",a) leadership,a) human evaluation,a) group composition,a) condition,a) 1,"1-A: sup. machine learning->sig
2+3+4-A: sup. machine learning->sig
1+2+3+4-A: sup. machine learning->mix","machine learning
machine learning
machine learning","machine-learning
machine-learning
machine-learning"
56,callie,48,2016,Detecting Emergent Leader in a Meeting Environment,Can emergent leadership be automatically detected with non-verbal visual features derived from video?,Metric-construct connection,We propose novel nonverbal visual features which are extracted from head pose of the people in a meeting environment to detect emergent leadership.,Survival task,NS,The proposed nonverbal features performed well for detection of the most and the least ELs (70% of detection rate in average) when the majority of the dened nonverbal features were highly correlated with the results of the social psychology questionnaires. ,G=16,I=64,NS,lab,Model/metric; Dataset,We need a [better] way of measuring / detecting / predicting something,44 females; 20 males; unacquainted; same gender within group,"in absence of audio sensors, the accurate detection of social interactions is still crucial.",NS,II) Video,II) Camera,II) NS,1) Visual Field Of Attention On A Person Features,1) Visual Attention,1) Gaze,1) Individual,1) pure_indiv,1) II,a) leadership,a) survey,a) group composition,a) condition,a)1,"1-A: correlation->mix
1-A: sup. machine learning->sig","correlation
machine learning","correlation_regression
machine-learning"
57,callie,31,2013,An Automatic Approach for Mining Patterns of Collaboration around an Interactive Tabletop,"can we distinguish high from low collaboration groups by identifying patterns of interaction, based on their interwoven verbal and touch actions?",Model-building,"We design an automatic approach to distinguish, discover and distil patterns of interaction that can be associated with groups’ strategies.",learn and draw concept map on what should be included in a balanced diet,NS,We demonstrate that our approach can be used to discover patterns that may be associated with strategies that differentiate high and low collaboration groups.,G=20, I=60,NS,lab,Model/metric ,We need a [better] way of measuring / detecting / predicting something,NS,NS,Our approach can serve as a basis for the implementation of a system that can automatically and unobtrusively capture verbal and physical activity at the tabletop in order to alert teachers of possible issues in small-groups activities.,"III) Audio
V) Log Data","III) Microphone
V) Own Application","III) Dev Audio
V) Cmate","1) Speech Time And Frequency
2) Symmetry Of Speech Among Group
3) Total Number Of Touch Actions
4) Symmetry Of Touch Actions Among Group","1) Speech Participation
2) Speech Participation
3) Touch 
4) Touch","1) Verbal
2) Verbal
3) Log Data
4) Log Data","1) Individual
 2) Group
 3) Individual
 4) Group","1) pure_indiv
2) synchro
3) pure_indiv
4) synchro","1) III
2) III
3) V
4) V",a) collaboration,a) human evaluation,"
a) coordination
a) communication
a) engagement
a) interpersonal relationship",a) process,a) 1,1+2+3+4-A: sup. machine learning: (85%)->sig,machine learning,machine-learning
58,callie,40,2011,Modelling and Identifying Collaborative Situations in a Collocated Multi-display Groupware Setting,"Is it possible to automatically infer whether a group of learners is engaged in a collaborative situation, from the application and audio traces of interaction with a reasonable level of accuracy?",Model-building,The goal of our work is to explore ways to exploit readily available data to determine the level and nature of collaboration.,"Job Shop Scheduling (JSS) task, where six jobs and resources must be scheduled and optimised",NS,"Results show up to 69.4% accuracy (depending on the classifier) and that the error rate for extreme misclassification (e.g. when a collaborative episode is classified as non-collaborative, or vice-versa) is less than 7.6%.",G=13, I=39,NS,lab,Model/metric,We need a [better] way of measuring / detecting / predicting something,age 18-27; college students,We argue that this technique can be used to show the teacher and the learners an overview of the extent of their collaboration so they can become aware of it.,NS,"III) Audio
V) Log Data","III) Microphone
V) Own Application","III) NS
V) NS","1) Speech Quantity
2) Physical Participation Quantity
3) Number Of Active Participants In Group
4) Verbal Participation Symmetry Among Group
5) Physical Participation Symmetry Among Group","1) Speech Participation
2) Task-Related
3) Speech Participation
4) Speech Participation
5) Task-Related","1) Verbal
2) Log Data
3) Verbal
4) Verbal
5) Log Data","1) Individual
 2) Individual
 3) Group
 4) Group
 5) Group","1) pure_indiv
2) pure_indiv
3) indiv_freq_in_group
4) synchro
5) synchro","1) III
2) V
3) III
4) III
5) V",a) collaboration,a) human evaluation,a) communication,a) process,a) 1,1+2+3+4-A: sup. machine learning->sig,machine learning,machine-learning
59,callie,20,2020,Using Motion Sensors to Understand Collaborative Interactions in Digital Fabrication Labs,"RQ1: Do the instances of collaborative interactions (as detected by Kinect sensors) provide meaningful and accurate information about students’ performance in the makerspace?
RQ2: Do the diversity of collaborative interactions (as detected by Kinect sensors) provide meaningful and accurate information about students’ performance in the makerspace?
RQ3: What can the transitions between instances of interactions inform instructors about student learning experiences in the makerspace?",Observe learning; Metric-construct connection,the goal of this paper is to examine the instances and diversity of student collaborative interactions within makerspaces using Kinect sensors.,Natural makerspace interactions,NS,"Findings indicate that letting students work on their own promotes the development of technical skills, while working together encourages students to spend more time in the makerspace.",G=1, I=16,NS,eco,Model/metric ,We need a [better] understanding of how people behave / We need a deeper understanding of construct X; We need a [better] way of measuring / detecting / predicting something,graduate students,"As such, this paper aims to provide instructional support in makerspaces through the examination of the instances and diversity of student collaborative interactions using motion sensors.",findings suggest that multimodal sensors have a role to play in aiding instructors in harnessing the full potential of makerspaces and represent initial steps towards the development of a semi-automated teacher dashboard to provide instructional support for makerspaces.,IV) Kinesiology,IV) Kinect,IV) Microsoft Kinect,"1) Time Spent Individually
2) Time Spent As A Group
3) Diversity Of Collaborative Interactions
4) Transition Probabilities Between Collaborative State","1) Location
2) Location
3) Location
4) Location","1) Body
2) Body
3) Body
4) Body","1) Group
 2) Group
 3) Group
 4) Group","1) indiv_freq_in_group
2) indiv_freq_in_group
3) synchro
4) group_cycle","1) IV
2) IV
3) IV
4) IV","a) technical ability
B) social ability
c) time spent in makerspace
D) emotion","a) human evaluation 
B) human evaluation 
c) human evaluation 
D) survey","a) performance
B) interpersonal relationship
c) performance
D) affective","a) product
B) process
c) product
D) process","a) 1/0
B) 1/0
c) 1/0
D) 1/0
E) 1/0","1-A: correlation->mix
2-A: correlation->mix
2-B: correlation->mix
4-A: correlation->mix
4-C: correlation->mix
4-D: correlation->mix","correlation
correlation
correlation
correlation
correlation
correlation","correlation_regression
correlation_regression
correlation_regression
correlation_regression
correlation_regression
correlation_regression"
60,bertrand,47,2020,What does physiological synchrony reveal about metacognitive experiences and group performance?,"(RQ1) Is there any relationship between PS and metacognitive experiences (ie, estimates of effort, judgement of confidence, task interest, task difficulty and emotions)? 
(RQ2) Is there any relationship between PS and perceived group performance? 
(RQ3) Is there a relationship between PS and objective group performance?",Metric-construct connection,is physiological synchrony (PS) correlated with  Collaborative Problem Solving (CPS). ,Tailorshop simulation,NS,"The results show a positive relationship between continuous PS episodes and groups’ collective mental effort. No relationship was found between PS and judgement of confidence, task interest, task difficulty or emotional valence. The relationship between PS and group performance was also non- significant. ",G=19, I=57,NS,lab,Model/metric,We need a [better] way of measuring / detecting / predicting something,higher education students (Mage = 27.8; SDAge = 5.43; ffemal e = 43; fmale = 34),"multimodal data analytics offer new paths to observe and quantify the temporal and situated nature of metacognitive experiences. Further, multi- modal data analytics might help to develop objective metrics to assess group CPS performance.",NS,VI) EDA,VI) Electrodes,VI) Shimmer 3 Gsr+ ,1) Physiological Synchrony,1) EDA,1) Physiological,1) Group,1) synchro,1) VI,"a) confidence
B) mental effort
c) task performance
D) task performance
E) emotion
F) group performance
g) group performance ","a) survey
B) survey
c) survey
D) survey
E) survey
F) survey
g) task outcome","a) affective
B) engagement
c) performance
D) performance
E) affective
F) performance
g) performance","a) process
B) process
c) process
D) process
E) process
F) product
g) product","a) 0
B)1
c) 0
D) 0
E) 0
F) 0
g)0","1-A: regression->non
1-B: regression->sig
1-C: regression->non
1-D: regression->non
1-E: regression->non
1-F: regression->non
1-G: regression->non","regression
regression
regression
regression
regression
regression
regression","correlation_regression
correlation_regression
correlation_regression
correlation_regression
correlation_regression
correlation_regression
correlation_regression"
61,bertrand,149,2016,Physiological evidence of interpersonal dynamics in a cooperative production task,"i) that pairs of people from the same team (true dyads) have higher synchrony than pairs of people taken from dif- ferent teams (pseudo dyads);
ii) that synchrony is positively correlated with the perceived quality of cooperation and liking.",Scientific hypothesis testing; Model-building,we investigate the coordination dynamics of multiple psychophysiological measures and their utility in capturing emotional dynamics in teams.,Origami building task,"1) positive/active in which participants were induced by a trained experimenter acting positive (valence) and active (arousal)
2)  negative/inactive in which the ex- perimenter acted negative (valence) and inactive (arousal)","• Members of newly formed teams synchronize on physiological measures.
• Synchrony of smiling is correlated with team cohesion.
• Synchrony of skin conductance is correlated with group tension and negative affect.
• Synchrony of smiling may be a predictor of a team's decision to adopt a new routine. • Synchrony decreases after a team's decision to adopt a new routine.",G=51, I=153,NS,lab,Model/metric,We need a [better] understanding of how people behave / We need a deeper understanding of construct X,"university students; age from 18 to 58 years old (μ = 24.0, σ = 4.5) ","These new results hold promise that team emo- tions as interpersonal synchrony can shed light on the emotional pro- cesses occurring in teams as they perform their tasks. However, in order to establish such a dynamical view on team emotions as a comple- ment to more established approaches further studies using synchrony measures are needed.",NS,"VI) EDA
VII) ECG
XII) Other","VI) Electrodes
VII) Electrodes
XII) Electrodes","VI) Biopac Mp150 
VII) Biopac El504
XII) Biopac El254S ","1) EDA Synchrony
2) Smiling Synchrony
3) Heart Rate Sychrony","1) EDA
2) Facial Expressions
3) Heart","1) Physiological
2) Head
3) Physiological","1) Group
 2) Group
 3) Group","1) synchro
2) synchro
3) synchro","1) VI
2) XII
3) VII","a) team cohesion
B) routine choice","a) survey
B) human evaluation","a) interpersonal relationship
B) coordination","a) process
B) process","a) 1
B) 1","1-A: regression->sig
2-A: regression->sig
2-B: regression->sig","regression
regression
regression","correlation_regression
correlation_regression
correlation_regression"
62,bertrand,641,2017,Brain-to-Brain Synchrony Tracks Real-World Dynamic Group Interactions in the Classroom,"We explored the hypothesis that synchronized neural activity across a group of students predicts (and possibly underpins) classroom engagement and social dynamics. When students feel connected or engaged with the material or each other, are their brains in fact ‘‘in sync’’ in a formal, quantifiable sense? ",Scientific hypothesis testing; Model-building,"Yet we know so little about how it supports dynamic group interactions that the study of real-world social exchanges has been dubbed the ‘‘dark matter of social neuroscience’’ [2]. Recently, various studies have begun to approach this question by comparing brain responses of multiple individuals during a vari- ety of (semi-naturalistic) tasks",Natural classroom interactions,NS,"
Students’ brain-to-brain group synchrony predicts classroom engagement
Students’ brain-to-brain group synchrony predicts classroom social dynamics",G=1, I=12,NS,eco,Model/metric,We need a [better] understanding of how people behave / We need a deeper understanding of construct X,"high school students (9 females and 3 males, age 17-18)","These findings suggest that brain-to-brain synchrony is a sensitive marker that can predict dynamic classroom interactions, and this relationship may be driven by shared attention within the group. ",NS,VIII) EEG,VIII) EEG Sensor,"VIII) Emotiv
",1) Brain Synchrony,1) Brain,1) Physiological,1) Individual,1) pure_indiv,1) VIII,"a) engagement
B) social dynamics","a) survey
B) survey","a) engagement
B) interpersonal relationship","a) process
B) process","a) 1
B) 1","1-A: regression->sig
1-B: regression->sig","regression
regression","correlation_regression
correlation_regression"
63,bertrand,27,2013,Multi-modal Social Signal Analysis for Predicting Agreement in Conversation Settings,Can Multi-modal Social Signal Analysis Predict Agreement in Conversation Settings?,Model-building,we present a non-invasive ambient intelligence framework for the analysis of non-verbal communication ap- plied to conversational settings,victim-offender meditation scenario,NS,"Using different state-of-the-art classification approaches, our system achieve upon 75% of recognition predicting agree- ment among the parts involved in the conversations, using as ground truth the experts opinions.",G=26, I=52,NS,lab,Model/metric,We need a [better] way of measuring / detecting / predicting something,N/A,NS,NS,"III) Audio
II) Video
IV) Kinesiology","III) Microphone
II) Kinect
IV) Kinect ","III) Microsoft Kinect
II) Microsoft Kinect
IV) Microsoft Kinect","1) Upper Body Agitation
2) Hand Agitation
3) Head Orientation
4) Speech Length/Turns","1) Gross Body Motion
2) Hand Motion
3) Head Motion
4) Speech Participation","1) Body
2) Body
3) Head
4) Verbal","1) Individual
 2) Individual
 3) Individual
 4) Individual","1) pure_indiv
2) pure_indiv
3) pure_indiv
4) pure_indiv","1) IV
2) IV
3) II
4) III",a) agreement,a) human evaluation,a) coordination,a) process,a)1,1+2+3+4-A: sup. machine learning: (75%)->sig,machine learning,machine-learning
64,bertrand,16,2020,Predicting Collaborative Learning Quality through Physiological Synchrony Recorded by Wearable Biosensors,Can physiological synchrnoy predict collaboration quality in a naturalistic setting? ,Scientific hypothesis testing; Metric-construct connection,"The aim of the present study is to explore potentials of using physiological synchrony to measure collaboration quality in real educational settings, based on consistently identified synchrony during interpersonal interaction by previous studies",Problem-solving task,NS,"The result showed that during groups discussions, high collaboration pairs produced significantly higher synchrony than low collaboration dyads (p = 0.010).",G=16, I=30,NS,eco,Model/metric,We need a [better] way of measuring / detecting / predicting something,"college students (M = 21.61, SD = 2.43, 8 females)",Our findings provide evidence for the potential application of biosensors in the real-world classroom. We focus on the connection between the bio-signals and human behaviors on which we believe is the advantage of this interdisciplinary research area. This project also suggests that future researches in the same realm place attention to the scope of appropriate assumptions and research questions so that the laboratory-based experiments and naturalistic setting studies can be good complement for each other.,NS,"VI) EDA
VII) ECG","VI) Wearable Sensor
VII) Wearable Sensor","VI) Huixin Psychorus
VII) Huixin Psychorus","1) EDA Synchrony
2) Heart Rate Sychrony","1) EDA
2) Heart","1) Physiological
2) Physiological","1) Group
 2) Group","1) synchro
2) synchro","1) VI
2) VII",a) collaboration quality,a) human evaluation,"a) coordination
a) engagement",a) process,a) 1/0,"1-A: sup. machine learning->sig
2-A: sup. machine learning->non","machine learning
machine learning","machine-learning
machine-learning"
65,bertrand,11,2020,Effects of Shared Gaze on Audio- Versus Text-Based Remote Collaborations,"Visualizing the collaborator’s point of gaze on a shared screen has been explored as a promising way to alleviate some of these limitations by increasing shared awareness. However, prior studies on shared gaze have not considered the medium of communication and have only studied its effect on audio.",Design,"Remote collaborations are becoming ubiquitous, but, despite their many advantages, face unique challenges compared to collocated collaborations",Murder mysteries,"1) voice
2) voice + gaze
3) text
4) text + gaze","We find that for text, shared gaze improved task correctness and led collaborators to look at and talk more about shared content. Similar trends are found for gaze-augmented voice communication, but contrary to the slower performance in text, it also saw improvements in completion time as well as in cognitive workload",G=24, I=48,real-time,lab,Tool/application,We want something that changes people’s behavior / Need to improve existing practices,"undergraduate students; 28 females, 19 males, 1 non-binary; between 18 and 24 years old","Ultimately, developers of novel gaze-sharing tools and interaction techniques should take into account the capabilities of the communication medium to better support remote collaborators.",NS,I) Eye Gaze,I) Eye Tracker,I) Tobii 4C,1) Shared Gaze,1) Visual Attention,1) Gaze,1) Group,1) synchro,1) I,"a) cognitive load
B) collaboration quality
c) task performance
D) gaze overlap","a) survey
B) survey
c) task outcome
D) computation","a) engagement
b) coordination
c) communication
d) performance
e) coordination","a) process
B) process
c) process
d) product
D) process","a) 0
B) 1
c) 1
D) 1","1-A: ANOVA->non
1-B: ANOVA->sig
1-C: ANOVA->sig
1-D: ANOVA->sig","ANOVA
ANOVA
ANOVA
ANOVA","between-group
between-group
between-group
between-group"
66,bertrand,21,2020,Body synchrony in triadic interaction,"Do triads show group synchrony, reflecting a general average affiliation among its three members? Or do triads show distinct patterns of synchrony in their component dyads, potentially reflecting mutual affiliation only among those pairs? Does increased bodily synchrony between a pair predict that they will form an alliance in future interactions? ",Scientific hypothesis testing; Model-building,Does triadic interaction exist compared to random pairings?,"natural conversation
Prisoner's dilemna",NS,"We correlated this measure of synchrony with a diverse set of covariates related to the outcome of interactions. Triads showed higher maximum cross-correlation relative to a surrogate baseline, and ‘meta-synchrony’, in that composite dyads in a triad tended to show correlated structure.",G=35, I=105,NS,lab,Model/metric ,We need a [better] understanding of how people behave / We need a deeper understanding of construct X,undegraduate students; N/A,NS,NS,II) Video,II) Camera,II) Canon VIxia Hv30,1) Body Synchronization,1) Gross Body Motion,1) Body,1) Group,1) synchro,1) II,"a) cooperation
B) cultural style matching
c) language style matching
D) laughter","a) task outcome 
B) human evaluation
c) human evaluation 
D)human evaluation ","a) coordination
B) group composition
c) group composition
D) interpersonal relationship","a) process
B) condition
c) condition
D) process","a) 0
B) 1
c) 1
D) 1","1-A: regression->non
1-B: regression->sig
1-C: regression->sig
1-D: regression->sig","regression
regression
regression
regression","correlation_regression
correlation_regression
correlation_regression
correlation_regression"
67,iulian,39,2017,Using the Tablet Gestures and Speech of Pairs of Students to Classify Their Collaboration,"Can collaboration quality be predicted from nonverbal featuers such as log data and prosodic audio featuers, to such a strong degree as human raters ?",Model-building,"it is a worthwhile endeavor to develop technologies that are able to automatically assess the quality of collaboration and in this way provide the teacher with information to improve their ability to guide, assist and scaffold student groups. This",Interpreting and sorting math distance/time graphs,NS,"When this project began, we did not think the induced detectors would be accurate because they used only lowlevel features that do not understand what the participants are saying nor what plans and goals the task involves. Against these low expectations, the results were surprisingly good, with accuracies between 87 and 96 percent",G=14, I=28,NS,lab,Model/metric,We need a [better] way of measuring / detecting / predicting something,graduate and undergraduate students,"If this method works, then it may become practical to equip a variety of software intended to be used collaborative with detectors which can be used in real world learning environments. ...  It is a worthwhile endeavor to develop technologies that are able to automatically assess the quality of collaboration and in this way provide the teacher with information to improve their ability to guide, assist and scaffold student groups",NS,"III) Audio
V) Log Data","III) Microphone
V) Log Data","III) NS
V) NS","1) Speech Time
2) Prosodic Speech Features
3) Movement Of Objects","1) Speech Participation
2) Speech Features
3) Task-Related","1) Verbal
2) Verbal
3) Log Data","1) Individual
 2) Individual
 3) Individual","1) pure_indiv
2) pure_indiv
3) object_indiv","1) III
2) III
3) V",a) collaboration quality,a)human evaluation,"a) coordination
a) communication ","a) process
b) process",a) 1,1*2*3-A: sup. machine learning->sig,machine learning,machine-learning
68,iulian,59,2011,Improving Visibility of Remote Gestures in Distributed Tabletop Collaboration,"Does remote lag affect collaborator interactions? Does it help them mitigate invisibility problems?
Do remote lags improve conversational efficiency by reducing unnecessary
questions/confirmations redundant instructions?
Do remote lags impose a greater mental load (e.g., effort, frustration) on users to gestures?",Design,"Collaborative distributed tabletop activities involving real objects are complicated by invisibility factors introduced into the workspace. In this paper, we propose a technique called “remote lag” to alleviate the problems caused by the invisibility of remote gestures.",LEGO layout in space,"1) No visualization of remote gestures
2) Visualization","Our results show that remote lags effectively alleviated the invisibility problems, resulting in fewer questions/confirmations and redundant instructions during collaboration. The technique also decreased the overall workload of workers as well as the temporal demands for both helpers and workers",G=20, I=80,real-time,lab,Tool/application,We want something that changes people’s behavior / Need to improve existing practices,"NS, but all females",Our next step is to explore the improvements raised here and carry out the technique in actual use.,NS,IV) Kinesiology,IV) Video Camera Array,IV) NS,1) Gesture Type And Location,1) Hand Motion,1) Body,1) Individual,1) pure_indiv,1) IV,"a) frequency of utterances
B) subjective workload","a) computation
B) survey","a) communication
B) engagement","a) process
B) process","a) 1
B) 1","1-A: ANOVA->sig
1-B: ANOVA->sig","ANOVA
ANOVA","between-group
between-group"
69,iulian,40,2010,Employing Social Gaze and Speaking Activity for Automatic Determination of the Extraversion Trait,Can speaking time and social gaze predict extravertedness? is classification time accuracy affected by size of time slices? does social context influence accuracy of prediction?,Model-building,"In order to predict the Extraversion personality trait, we exploit medium-grained behaviors enacted in group meetings, namely, speaking time and social attention (social gaze).",survival,NS,"The results of our work confirm many of our hypotheses: a) speaking time and (some forms of) social gaze are effective in automatically predicting Extraversion; b) classification accuracy is affected by the size of the time slices used for analysis, and c) to a large extent, the consideration of the social context does not add much to accuracy prediction, with an important exception concerning social gaze.",G=12, I=48,NS,lab,Model/metric,We need a [better] way of measuring /detecting / predicting something,NS,NS,NS,"II) Video
III) Audio","II) Camera
III) Microphone","II) NS
III) NS","1) Speech Length
2) Attention Received Per Person
3) Attention Given By Person","1) Speech Participation
2) Visual Attention
3) Visual Attention","1) Verbal
2) Gaze
3) Gaze","1) Individual
 2) Group
 3) Individual","1) indiv_freq_in_group
2) synchro
3) indiv_freq_in_group","1) III
2) II
3) II",a) personality,a) survey,a) group composition,a) condition,a) 1,"1,2,3-A: sup. machine learning->sig",machine learning,machine-learning
70,steph,68,2011,See What I’m Saying? Using Dyadic Mobile Eye Tracking to Study Collaborative Reference,"What is the interaction between referential form, gaze, and spatial context in a collaborative naturalistic conversation elicitation task?  ",Observe learning,"This study aims to explore the interplay of gaze coordination, spatial context, and linguistic detail and form in the process of collaborative reference.",Naturalistic conversational elicitation task,1) seated side-by-side 2) seated across 3) mobile,"Our results detail measurable interactions between referential form, gaze, and spatial context and can be used to enable the development of more natural collaborative user interfaces.",G=33, I=66,NS,lab,Tool/application,We need a [better] understanding of how people behave / We need a deeper understanding of construct X,College,"Importantly, this study demonstrates the need for designers and builders of collaborative systems to acknowledge the systematic differences in collaborative reference between mobile and stationary users.","Probabilistic models based on findings like the ones in this paper could be used to assess topical shifts or attention shifts. Techniques such as these could help intelligent user interfaces to infer discourse focus, in turn helping systems to better track the status of a task or provide context-appropriate information. ",I) Eye Gaze,I) Eye Tracker,I) Applied Science Laboratories Eyevision System,1) Gaze Overlap,1) Visual Attention,1) Gaze,1) Group,1) synchro,1) I ,a) conversation contents,a) human evaluation,a) communication,a) process,a) 0,1-A: regression->non,regression,correlation_regression
71,iulian,36,2016,Privacy-Preserving Speech Analytics for Automatic Assessment of Student Collaboration,Which/do audio features predict collaboration quality ?,Model-building,.,Solving math problems,NS,"Results reveal that both speech activity features and prosodic features are good predictors of collaboration quality, while their combination by means of fusion can considerably improve their collaboration prediction performance",G=47, I=141,NS,eco,Model/metric,We need a [better] way of measuring / detecting / predicting something,"Middle school (6,7,8th grade US); age 11-13","The ultimate goal of the project is to produce knowledge about the feasibility of speech analytics and the creation of adaptive software that could help teachers
by identifying groups that need feedback in real time, as well as by helping teachers to better target their interventions.",NS,III) Audio,III) Microphone,III) NS,"1) Duration Of Speech By Each Student
2) Duration In Which Each Student Was Only Speaker
3) Duration Of Overlapping Speech From Pairs Of Students
4) Duration Of Overlapping Speech From All People
5) Duration Of Silence For All People
6) Prosodic And Tone Features","1) Speech Participation
2) Speech Participation
3) Speech Participation
4) Speech Participation
5) Speech Participation
6) Speech Features","1) Verbal
2) Verbal
3) Verbal
4) Verbal
5) Verbal
6) Verbal","1) Individual
 2) Individual
 3) Group
 4) Group
 5) Group
 6) Individual","1) pure_indiv
2) pure_indiv
3) synchro
4) synchro
5) synchro
6) pure_indiv","1) III
2) III
3) III
4) III
5) III
6) III",a) collaboration quality,a) human evaluation,a) coordination,a) process,a) 0,1*2*3*4*5*6-A: sup. machine learning->non,machine learning,machine-learning
73,?,101,2015,Unraveling Students’ Interaction Around a Tangible Interface Using Multimodal Learning Analytics,What measures from TUI logs and kinect sensors can best predict students' learning gains?,,"Our goal with this paper is twofold: first, we introduced methods to compute meaningful measures from logs generated by a tangible interface and Kinect data; second, we correlated those measures with students’ learning gains to find relevant predictors of learning.",EarExplorer:  Students are asked to connect the tangibles between the starting point and the ending point to let sound waves reach the auditory cortex,1) discover; 2) listen,"First, we showed that information retrieval techniques could be used on the system’s logs to predict learning gains as measured by pre and post-tests. Second, we explored how Kinect data can inform the way we understand “in-situ” interactions around a tabletop: we found that the raw amount of movement was not a relevant predictor for our purposes; however, we found that bimanual coordination was predictive of students’ leadership in a group. We found that we were able to predict students’ learning gains (i.e., being above or belong the median split) with very high accuracy (using all measures)",G=19, I=38,NS,lab,,,age mean 22.5; University,,,"IV) Kinesiology
V) Log Data","IV) Kinect
V) Own Application","IV) Microsoft Kinect
V) Created","1) Amount Of Exploration
2) Types Of Exploration
3) Amount Of Movement
4) Type Of Movement
5) Body Synchronization
6) Body Distance","1) Task-Related
2) Task-Related
3) Gross Body Motion
4) Gross Body Motion
5) Gross Body Motion
6) Location","1) Body
2) Body
3) Body
4) Body
5) Body
6) Body","1) Individual
 2) Individual
 3) Individual
 4) Individual
 5) Group
 6) Group","1) pure_indiv
2) pure_indiv
3) pure_indiv
4) pure_indiv
5) synchro
6) synchro","1) V
2) V
3) IV
4) IV
5) IV
6) IV","a) individual learning gain
B) group learning gain
c) leadership","a) survey
B) survey
c) human evaluation ","a) learning
B) learning
c) interpersonal relationship","a) product
B) product
c) process","a) 1/0
B) 1
c) 1","1-A: correlation->non
2-A: correlation->mix
3-A: correlation->non
4-A: correlation->sig
4-C: ANOVA->sig
5-A: ANOVA->non
6-A: correlation->non
1,2,3,4,5,6-B: sup. machine learning: (ACC: 100%)->sig","correlation
correlation
correlation
correlation
ANOVA
ANOVA
correlation
machine learning","correlation_regression
correlation_regression
correlation_regression
correlation_regression
between-group
between-group
correlation_regression
machine-learning"
74,?,43,2015,Does Seeing One Another’s Gaze Affect Group Dialogue? A Computational Approach,"RQ1: Are there ways to characterize the effect of our intervention on student discourse?
RQ2: Is it possible to find markers of productive learning trajectories?
RQ3: Is it possible to find markers of constructive collaborations?",,"The goals ofthis paper are 
1) to explore a variety of computational techniques for analyzing the transcripts ofstudent discussions; 
2) to examine whether any of those measures sheds new light on ourprevious results; and 
3) to test whether those metrics have any predictive power regardinglearning outcomes.",,"1) visible-gaze, students can see the gaze of their partner 
2) no-gaze","eye-tracking data, Natural Language processing",G=22,I=42,real-time,lab,,,University students; age mean 23.0,University students; age mean 23.0,University students; age mean 23.0,"I) Eye Gaze
III) Audio","I) Eye Tracker
III) Microphone","I) Tobii X1
III) NS","1) Joint Visual Attention
2) Simple Linguistic Features
3) Convergence Of Linguistic Styles
4) Coherence","1) Visual Attention
2) Speech Participation
3) Speech Content
4) Speech Content","1) Gaze
2) Verbal
3) Verbal
4) Verbal","1) Group
 2) Individual
 3) Group
 4) Group","1) synchro
2) pure_indiv
3) synchro
4) synchro","1) I
2) III
3) III
4) III","a) learning 
B) collaboration","a) survey
B) human evaluation","A) learning
B) coordination
B) communication
B) engagement
B) interpersonal relationship
c) performance","A) product
B) process
c) product","a) 1
B) 1","4-A: correlation->sig
4-B: ANOVA->sig
2-A: sup. machine learning: (75%)->sig","correlation
ANOVA
machine learning","correlation_regression
between-group
machine-learning"
75,?,213,2013,Real-time mutual gaze perception enhances collaborative 4 learning and collaboration quality,Does real-time mutual gaze perception intervention help students achieve a higher quality of collaboration and higher learning gains ?,,"88 freshmen engineering students completed online pretopic and posttopic emotions surveys for five engineering design activities. A subset of 14–18 participants, the focal point of this study, wore an EDA sensor while completing the surveys and participating in these sessions.","This course introduces students to the 3-Dcomputer-aided design (CAD) software, SolidEdge, through a series of five engineeringdesign method workshop topics created by an engineering instructor, allowing students toapply their 3-D CAD skills in the context of an engineering design problem.
",NS,"Preliminary findings suggest that EDA increased for individual and collaborative active learning activities compared to lectures. No significant changes in EDA were found between individual and collaborative active learning activities. Moderate negative correlations were found between EDA and negative topic emotions in the first engineering design activity but not across the rest. At the end of the semester, active learning activities showed higher effect sizes indicating a re-enforcement of students’ engagement in the engineering design method activities.",G=44,I=88,NS,lab,,,University students,University students,age mean 23; college students,"I) Eye Gaze
II) Video","I) Eye Tracker
II) Eye Tracker","I) Tobii X1
II) Tobii X1","1) Joint Visual Attention
2) Cognitive Load From Pupil Size","1) Visual Attention
2) Eye Physiology","1) Gaze
2) Gaze","1) Group
 2) Individual","1) synchro
2) pure_indiv","1) I
2) II",a) learning gain,a)survey,"a) learning
B) coordination
B) communication
B) engagement
B) interpersonal relationship","a) product
B) process","a) 1
B) 1","1-A: mediation: sig
2-A: mediation: nonsig","correlation
ANOVA
machine learning","correlation_regression
between-group
machine-learning"
76,?,11,2021,Challenging Joint Visual Attention as a Proxy for Collaborative Performance,"1. How did the eye tracking measures (JVA and JME) relate to student performance? 
2. How do JVA and JME relate to other indicators of collaboration, such as dialogue content and division of labor, and how do the interactions with student performance associate with JVA and JME?",,"Students were assigned to pairs based on their teachers’ pairings, and each pair was randomly assigned to one of four conditions, by crossing two factors; collaborative or individual instruction and problems geared towards conceptual knowledge or procedural knowledge.","Individual and collaborative versions of an ITS (Intelligent Tutoring Systems)
Problems geared towards conceptual knowledge or procedural knowledge
The problems targeting conceptual knowledgeincluded all three features, while procedural problems were supported through thecollaboration features of roles and unique information.",indivdual vs collaboration,"For the conceptual conditions, the students working individually (IC) requested significantly more hints than those working collaboratively (CC), while in the procedural conditions the students working individually (IP) asked for marginally more hints than the students working collaboratively (CP), t(27.8) = 2.00, p = .06.

While joint attention correlated with total test scores (i.e., conceptual and procedural items), there was no correlation between the amount of joint attention and the procedural test items, r = .14, p = .491. Surprisingly, for the procedural condition, there was a correlation between the joint attention and the conceptual test items, r =.35, p = .072, but this was not observed for the conceptual condition, r = .08, p =. 777.",G=42,I=84,NS,lab,,,Elementary students (4th and 5th),Elementary students (4th and 5th),University students,"I) Eye Gaze
III) Audio
V) Log Data","I) Eye Tracker
III) Computer System Audio
V) NS","I) SMI Red 250 Eye Trackers 250Hz
III) NS 
V) NS","1) Joint Visual Attention
2) Joint Mental Effort 
3) Dialogue","1) Visual Attention
2) Visual Attention
3) Speech Features ","1) Gaze
2) Gaze
3) Verbal","1) Group
 2) Group
 3) Group","1) synchro
2) synchro
3) synchro","1) I
2) I
3) III",a) learning performance,a) task outcome,a) performance,a) product,a) 1,"1-A: ANOVA->sig 
2-A: ANOVA->sig","ANOVA
ANOVA","between-group
between-group"
77,?,14,2020,Deep neural networks for collaborative learning analytics: Evaluating team collaborations using student gaze point prediction,"H1. Students who share mutual gazes during the activity – for example, those teams with higher JVA values – obtain higher scores in their post-activity knowledge tests as well since they engage more in collaborative tasks",,"Understanding gender effects in collaboration dynamics and investigating best learning
","Students worked in teams to complete a muscle painting activity as part of their required laboratory activities. They were expected to identify and paint the major muscles of their body using one of the learning instruments (textbook, tablet or AR) and washable painting supplies.","Participants using instrumental tools with identical information
(study conditions)
1) textbook
2) interactive app on tablet
3) screen-based AR system","Experimental teams who interacted with 3D digital learning tools had a high frequency of JVA and better knowledge retention outcomes than those in the control group. 
We also investigated the association of user study gender composition effects on JVA ratios and team test scores. We found no significant difference for JVA ratios or post-test scores among different teams with varied gender compositions.",G=30,I=60,NS,lab,,,Elementary students (4th and 5th),Elementary students (4th and 5th),University students,I) Eye Gaze,"I) Camera, Gaze-Tracker using Deep Neural Networks","I) Microsoft Kinect, Gaze Following Framework",1) Joint Visual Attention,1) Visual Attention,1) Gaze,1) Group,1) synchro,1) I,a) learning gain,a) learning test,a) learning,a) product,a) 1,1-A: correlation->sig,correlation,correlation_regression
78,?,19,2020,"Utilizing Interactive Surfaces to Enhance Learning, Collaboration and Engagement: Insights from Learners’ Gaze and Speech","1. How does learners’ behavior (gaze and actions) affect their performance and the learning gain?
2. How does the gaze change in the di erent tasks in informal learning context?",,"Utilize DUET to understand how learners collaborate, engage with the content and learn with interactive displays ininformal educational settings",Participants were asked to go through a set of posters and interact with the application (both in collaborative and competitive ways).,game1) collaborative2) competitive,"The results show that collaboratively, pairs who have high gaze similarity have high learning outcomes.Individually, participants spending high proportions of time in acquiring the complementary information from images and textual parts of the learning material attain high learning outcomes.",G=18, I=36,NS,lab,,,University students,,,"I) Eye Gaze
III) Audio
V) Log Data","I) Eye Tracker
III) NS
V) Own Application","I) SMI Red 250 Eye Trackers 250Hz
III) NS 
V) NS","1) Individual Gaze, Transition From Image To Text
2) Gaze Similarity
3) Gaze Transition Similarity
4) Speech","1) Visual Attention
2) Visual Attention
3) Visual Attention
4) Speech Participation","1) Gaze
2) Gaze
3) Gaze
4) Verbal","1) Individual
 2) Group
 3) Group
 4) Individual","1) pure_indiv
2) synchro
3) synchro
4) content_indiv","1) I
2) I
3) I
4) III","a) learning gain
B) task performance","a) learning test
B)task outcome","a) learning
B) performance","a) product
B) product","a) 1
B) 1","1-A: correlation->sig
1-B: correlation->sig
2-A: correlation->sig
2-B: correlation->sig","correlation
correlation
correlation
correlation","correlation_regression
correlation_regression
correlation_regression
correlation_regression"
79,?,58,2018,A Multimodal Exploration of Engineering Students Emotions and Electrodermal Activity in Design Activities,This study hypothesizes that students would experience no self-reported mean changes in topic emotions from their pre-assessment scores for each engineering design topic and instructional format nor would electrodermal activities (EDA) associate to these topic emotions throughout the design activities.,,"The goal of this research is to improve our understanding of how students respond, via engagement, to their engineering design activities during class.","88 freshmen engineering students completed online pretopic and posttopic emotions surveys for five engineering design activities. A subset of 14–18 participants, the focal point of this study, wore an EDA sensor while completing the surveys and participating in these sessions.","This course introduces students to the 3-D
computer-aided design (CAD) software, SolidEdge, through a series of five engineering
design method workshop topics created by an engineering instructor, allowing students to
apply their 3-D CAD skills in the context of an engineering design problem.","Preliminary findings suggest that EDA increased for individual and collaborative active learning activities compared to lectures. No significant changes in EDA were found between individual and collaborative active learning activities. Moderate negative correlations were found between EDA and negative topic emotions in the first engineering design activity but not across the rest. At the end of the semester, active learning activities showed higher effect sizes indicating a re-enforcement of students’ engagement in the engineering design method activities.",I=88,I=88,NS,lab,,,University students,,,VI) EDA,VI) Wristband,VI) Empatica E3,1) Mean Range-Corrected EDA Responses,1) EDA,1) Physiological,1) Individual,1) pure_indiv,1) VI,"a) emotion - negative
","a) survey 
",a) affective,a) process,a) 1,1-A: correlation->sig,correlation,correlation_regression
80,?,21,2020,"Multimodal, Multiparty Modeling of Collaborative Problem Solving Performance","RQ1. How accurately do unimodal and multimodal non-verbal behavioral signals predict task performance? 
RQ2: How do role-based, trait-based, and behavior-based approaches to combining multiparty features compare to an equal-weighting baseline?
RQ3: How do nonverbal and language models compare and does combining the two improve performance?
RQ4. How accurately can we prospectively predict task performance? ",,"We investigated the accuracy of machine-learned models trained on facial expressions, acoustic-prosodics, eye gaze, and task context information, computed one-minute prior to the end of a game level, at predicting success at solving that level.","We used Physics Playground as our problem-solving environment. Physics Playground is a two-dimensional educational game that aims to teach students basic Newtonian physics concepts through gameplay. Students complete levels by using mouse input to draw simple machines (ramps, levers, pendulums, and springboards) that guide a green ball to a red balloon.",1) At home surveys and short tutorials 2) In lab procedure,"AUROCs for unimodal models that equally weighted features from the three teammates ranged from .54 to .67, whereas a combination of gaze, face, and task context features, achieved an AUROC of .73. The various multiparty weighting strategies did not outperform an equal-weighting baseline. However, our best nonverbal model (AUROC = .73) outperformed a language-based model (AUROC = .67), and there were some advantages to combining the two (AUROC = .75). Finally, models aimed at prospectively predicting performance on a minute-by-minute basis from the start of the level achieved a lower, but still above-chance, AUROC of .60.",G=101, I=303,NS,lab,,,University students,,,"I) Eye Gaze
II) Video
III) Audio","I) Eye Tracker
II) Web Camera
II) Emotient
III) Headset","I) Tobii 4C
II) NS
II) NS","1) Gaze Features: Fixation Dispersion, Number Of Fixations And Mean Fixation Duration, Mean Saccade Amplitude, Joint Attention
2) Acoustic-Prosodic Information: Fundamental Frequency (Pitch), Loudness (Energy), Center Frequency And Amplitude Of The First Through Third Formants, Harmonics To Noise Ratio, Jitter, And Shimmer
3) Facial Features: Face Area, Positive And Negative Valence, Expressivity, Face/Upper Body Motion
4) Task Content Feature","1) Visual Attention
2) Speech Features
3) Facial Expressions
4) Task-Related","1) Gaze
2) Verbal
3) Head
4) Verbal","1) Individual
 2) Individual
 3) Individual
 4) Individual","1) pure_indiv
2) pure_indiv
3) pure_indiv
4) content_indiv","1) I
2) III
3) III",a) task performance,a) task outcome,a) performance,a) product,,"1,2,3,4-A: AUROC=0.71->sig
1-A: AUROC=0.62->sig
2-A: AUROC=0.54->sig
3-A: AUROC=0.61->sig
4-A: AUROC=0.67->sig","AUROC
AUROC
AUROC
AUROC
AUROC","machine-learning
machine-learning
machine-learning
machine-learning
machine-learning"
81,?,50,2020,Temporal analysis of multimodal data to predict collaborative learning outcomes,"RQ1 (Can temporal analysis expose relationships between variables that are not visible in overall frequency analyses?)
RQ2 (Does multimodal data provide more accurate predictions from those gained by single data streams for collaborative learning?)
RQ3 (What multimodal combinations are more beneficial than others?",,"In this paper, we investigate how both the use of multimodal data and moving from averages and counts to temporal aspects in a collaborative setting provides a better prediction of learning gains.",problem solving,"For the experiment, the dyads engaged in an equivalent fractions problem-solving activity using a networked collaborative ITS, which allowed them to synchronously work in a shared problem space where they could see each other’s actions while sitting at their own computers.",,G=12, I= 25,NS,lab,,,middle school students,,,"I) Eye Gaze
III) Audio 
V) Log Data ","I) Eye Tracker 
III) Microphone
V) NS","I) SMI Red 250 Eye Trackers 250Hz
III) NS
V) NS","1) Gaze
2) Entropy
3) Similarity
4) Cognitive Load
5) Auto-Correlation Coefficient
6) Energy
7) Shape Of Envelope
8) Linear Predictive Coding
9) Dialogue
10) Correct/Incorrect/Hint Feedbacks","1) Visual Attention
2) Visual Attention
3) Visual Attention
4) Eye Physiology
5) Speech Features
6) Speech Features
7) Speech Features
8) Speech Features
9) Speech Content
10) Task-Related","1) Gaze
2) Gaze
3) Gaze
4) Gaze
5) Verbal
6) Verbal
7) Verbal
8) Verbal
9) Verbal
10) Log Data","1) Individual
 2) Individual
 3) Group
 4) Individual
 5) Group
 6) Individual
 7) Individual
 8) Individual
 9) Group
 10) Individual","1) pure_indiv
2) pure_indiv
3) synchro
4) pure_indiv
5) synchro
6) pure_indiv
7) pure_indiv
8) complex_indiv
9) synchro
10) content_indiv","1) I 
2) I
3) I
4) I
5) III
6) III
7) III
8) III
9) III
10) V",a) learning gain,a)  learning test,a) learning ,a) product,a)  1/0,"9-A: correlation->sig
10-A: correlation->sig
1-A: correlation->non
2-A: correlation->non
3-A: correlation->non
4-A : correlation->non
5-A: correlation->non
6-A: correlation->non
7-A: correlation->non
8-A: correlation->non","correlation
correlation
correlation
correlation
correlation
correlation
correlation
correlation
correlation
correlation","correlation_regression
correlation_regression
correlation_regression
correlation_regression
correlation_regression
correlation_regression
correlation_regression
correlation_regression
correlation_regression
correlation_regression"
82,?,0,2014,Collaboration on Procedural Problems May Support Conceptual Knowledge More than You May Think,"By analyzing different data streams from elementary school student’s collaborations, we can better understand what differentiates successful dyads from those that are less successful and how best to support these interactions in a CSCL environment for this age group.",,"We focus on how to best scaffold sense-making behaviors, as collaborationis often successful when these learning behaviors are elicited.","Students were assigned to pairs based on their teachers’ pairings, and each pair was randomly assigned to one of four conditions, by crossing two factors; collaborative or individual instruction and problems geared towards conceptual knowledge or procedural knowledge.","Individual and collaborative versions of an ITS (Intelligent Tutoring Systems)Problems geared towards conceptual knowledge or procedural knowledgeThe problems targeting conceptual knowledge
included all three features, while procedural problems were supported through the
collaboration features of roles and unique information.","For the conceptual conditions, the students working individually (IC) requested significantly more hints than those working collaboratively (CC), while in the procedural conditions the students working individually (IP) asked for marginally more hints than the students working collaboratively (CP), t(27.8) = 2.00, p = .06.While joint attention correlated with total test scores (i.e., conceptual and procedural items), there was no correlation between the amount of joint attention and the procedural test items, r = .14, p = .491. Surprisingly, for the procedural condition, there was a correlation between the joint attention and the conceptual test items, r =.35, p = .072, but this was not observed for the conceptual condition, r = .08, p =. 777.",G=42, I=84,NS,eco,,,Elementary students (4th and 5th),,,"I) Eye Gaze
III) Audio
V) Log Data","I) Eye Tracker
III) Computer Audio Chat
V) Computer","I) NS
III) NS
V) NS","1) Hint Behavior
2) Joint Visual Attention - Collaboration Quality
3) Moments Of Good Collaboration ","1) Task-Related
2) Visual Attention
3) Task-Related","1) Log Data
2) Gaze
3) Log Data","1) Individual
 2) Group
 3) Group","1) content_indiv
2) synchro
3) synchro","1) V
2) I
3) III","a) learning gain
",a) learning test,a) learning ,a) product,a) 1/0,"2-A: correlation->sig
2-A: correlation->non","correlation
correlation","correlation_regression
correlation_regression"
83,?,8,2016,An Application of Extreme Value Theory to Learning Analytics: Predicting Collaboration Outcome from Eye-Tracking Data,Do extreme values from gaze episodes predict the quality of collaboratively produced concept maps better than central trends?,,We apply EVT to eye-tracking data collected during online collaborative problem solving with the aim of predicting the quality of collaboration.,"Upon their arrival in the laboratory, the participants signed a consent form. Then they took an individual pre-test on the basics of neuronal transmission. Then the participants individually watched two videos about “resting membrane potential.” Next, they created a collaborative concept-map using IHMC CMap tools.3 Finally, they took an individual post-test.",Participants worked as pairs when making the collaborative concept-map(10-12 minutes) in the laboratory.,,G=33, I=66,NS,lab,,,University students,,,I) Eye Gaze ,I) Eye Tracker ,I) NS ,"1) Gaze Visual Agitation
2) Gaze Spatial Entropy
3) Return Levels - Evt ","1) Visual Attention
2) Visual Attention
3) Visual Attention","1) Gaze
2) Gaze
3) Gaze","1) Individual
 2) Individual
 3) Individual","1) pure_indiv
2) pure_indiv
3) pure_indiv","1) I
2) I
3) I",a) quality of collaboration,a) task performance,a) coordination,a) process,a) 0,"1-A: ANOVA->non
2-A: ANOVA->non
2-A: correlation->non","ANOVA
ANOVA
correlation","between-group
between-group
correlation_regression"
84,?,29,2014,Using Dual Eye-Tracking to Evaluate Students' Collaboration with an Intelligent Tutoring System for Elementary-Level Fractions,"RQ1. Are 4th and 5th grade students able to show learning gains from a short period of instruction with a collaboration-enabled ITS? 
RQ2. Is the development of conceptual knowledge especially facilitated when collaborators work on conceptually-oriented learning materials, compared to procedurally-oriented materials? 
RQ3: Is joint visual attention related to increases in learning?",,"To investigate this effect, we leverage and expand upon a new methodology, dual eye-tracking, to understand how collaborators’ joint attention may impact learning in a collaboration-enabled Intelligent Tutoring System for fractions. We present results from a study in which 28 pairs of 4th and 5th grade students completed a set of either conceptually- or procedurally-oriented instructional activities in a school setting.","They were assigned to dyads based on their teachers’ pairings, and each dyad was randomly assigned to one of four conditions, created by crossing two factors; whether learning was collaborative or individual, and whether the learning materials were geared towards acquiring conceptual knowledge or procedural knowledge. As the present hypotheses are only concerned with the collaborative conditions, the sample of interest here are the 28 students in the collaborative/conceptual and 28 students in the collaborative/procedural conditions.","1) collaborative/conceptual condition: problems focus on understanding underlying principles of fraction equivalence, and how individual components (e.g., numerators, denominators) are interrelated2) collaborative/procedural condition: focused on scaffolding student problem solving as they create and compare equivalent fractions","Results indicate that students collaborating exhibited learning gains for conceptual knowledge, but not for procedural knowledge, and that more joint attention was related to learning gains.",G=14, I= 282,NS,lab,,,Elementary students (4th and 5th),,,I) Eye Gaze,I) Eye Tracker,I) SMI Red 250 Eye Trackers 250Hz,"1) Joint Visual Attention 
2) Gaze Recurrence ","1) Visual Attention
2) Visual Attention","1) Gaze
2) Gaze","1) Group
 2) Group","1) synchro
2) synchro","1) I 
2) I ",a) learning gain,a) survey,a) learning,a) product,a) 1,1-A: correlation->sig,correlation,correlation_regression
86,kavie,823,2005,Looking To Understand: The Coupling Between Speakers’ and Listeners’ Eye Movements and Its Relationship to Discourse Comprehension,"H1. How speakers and listen- ers deployed their attention within a visual “common ground""?",,to investigate the temporal coupling between conversants’ eye movements and to examine whether this coupling is helpful to the success of the discourse.,One set of participants (speakers) talked spontaneously about a television show whose characters were displayed in front of them; and the listeners who look at the same display listen to the audio recordings of the speakers,NS,"1. The eye movements of speakers and listeners are linked; 
2. How closely a listener is following a speaker's gaze predicts how well the lister will answer comprehension questions
","4speakers,36listeners",I=40,NS,lab,,,university students,,,I) Eye Gaze,I) Eye Tracker,I) Applied Science Laboratories Eyevision System,1) Eye Movements,1) Eye Motion,1) Gaze,1) Individual,1) pure_indiv,1) I,a) Learning ,a) learning test,a) learning,"a) product
",a) task outcome,1-A: ANOVA->sig,ANOVA,between-group
87,"kavie, zoe",13,2019,On the Same Wavelength: Exploring Team Neurosynchrony in Undergraduate Dyads Solving a Cyberlearning Problem With Collaborative Script,"H1: Use of a social script will result in improved individual learning (individual knowledge acquisition) and team learning (collaborative problem-solving performance and efficiency). 
H2: Dyads using a social script will exhibit higher alpha-band phase-locking values, indicating enhanced team neurosynchrony, compared to epistemic script dyads.",,1. Our study explored which collaboration script – epistemic or social – would result in increased alphaband across-brain synchrony and behavioral manifestations of improved learning during an authentic collaborative problem-solving task.,Teams use a cyberlearning environment to define the problem to be solved on the provided descrition and solve the problem using relevant resources and strategies,NS,"1) Analyses revealed greater alpha-band phase-locking values between the central and parietal electrodes of dyad members in the epistemic script condition
2) Mean alpha phase-locking values were positively correlated with collaborative problem solving performance and negatively correlated with time spent on the problem solving process, suggesting that epistemic scripts were more effective scaffolds of collaborative problem solving compared to social scripts in this study.",G=40, I=80,NS,lab,,,"University: age range 18-24; 70 male, 70 female",,,"III) Audio
VIII) EEG",VIII) EEG Sensor,VIII) B-Alert X-10,1) Brain Synchrony,1) Brain,1) Physiological,1) Group,1) synchro,1) VIII,"a) group performance
B) group collaboration","a) human evaluation
B) log data
","a) performance
B) coordination
","a) product
B) process","a) 1
B) 1
","1-A: positive correlation->sig
1-B: negative correlation->sig","correlation
correlation","correlation_regression
correlation_regression"
88,kavie,106,2013,Automatically Recognizing Facial Indicators of Frustration: A Learning-centric Analysis,"H1: Does the affective interpretation by one participant coincide with reported affective states of the other participant?
H2: Do one participant's bodily expressions coincide with reported affect of either participant?",,"1. To investigate the extent to which some dimensions of affect are implicitly expressed through computer-mediated textual dialogue
2. To see how the perceptions of one participant correspond to the posture and gesture expressed by the other participant, even when those multimodal features were not observable through the textual dialogue channel","Students participated for course credit in an introductory engineering course, ",NS,"1. Tutors implicitly perceived students’ focused attention, physical demand, and frustration. 
2. Bodily expressions of posture and gesture correlated with student cognitive-affective states that were perceived by tutors through the implicit affective channel. 
3. Posture and gesture complement each other in multimodal predictive models of student cognitive-affective states, explaining greater variance than either modality alone.",,I = 42,NS,lab,,,students,,,IV) Kinesiology,IV) Kinect,IV) Microsoft Kinect,"1) Posture Estimation
2) Hand-To-Face Gesture","1) Gross Body Motion
2) Gross Body Motion","1) Body
2) Body","1) Individual
 2) Individual","1) pure_indiv
2) pure_indiv","1) IV
2) IV","a) learning gain
","a) learning test
","a) learning
","a) product
","a)1
",1-A: negative correlation->sig,correlation,correlation_regression
89,kavie,46,2009,"The relationships between learner variables, tool-usage behaviour and performance","H1: How does tool-usage behaviour differ between students (i.e., frequency of tool use and proportional time spent on tools) in an open learning environment?
H2: Do different patterns result in performance differences?
H3: Can different patterns be related to the variation of learner
variables (prior knowledge and goal orientation)?
",,"1. In order to better understand the impact of learner variables on tool use, the current study investigates the relationships between learner variables, the quantitative aspects of tool-usage behaviour and its out- come (i.e., performance). 
2. More specifically, the focus is on how the variation in tool use is related to prior knowledge and goal orientation and how this variation affects performance. ",Participants use a computer-based learning program - STUWAWA that engages them in ecological decision making. They were asked to collect evidence to build up their arguments from three perspectives,NS,"1. Variation in tool-usage behaviour is related to mastery goal orientation.
2. Distinguished tool-usage behaviour could result in significantly different tool- usage outcomes.  ",,I = 58,NS,lab,,,"97% female, university students",,,V) Log Data,V) Log Data,V) NS,1) Task-Context Features,1) Task-Related,1) Log Data,1) Individual,1) content_indiv,1) V,"a) learning 
b) performance","a) learning test
b) task performance","a) learning
b) performance","a) product
B) product","a) 1
b) 1","1-A: Wilcoxon Signed Ranks test->sig
1-B: Wilcoxon Signed Ranks test->sig","non-parametric tests
non-parametric tests","between-group
between-group"
90,kavie,28,2008,Effects of Knowledge Interdependence with the Partner on Visual and Action Transactivity in Collaborative Concept Mapping,"H1: To what extent do participants visually refer to their partner’s prior knowledge (the partner’s individual concept map) while building the collaborative concept map (visual transactivity)?
H2: To what extent do participants manipulate their partner’s contributions (intersubjective uptake acts) in the collaborative map (action transactivity)?
H3: To what extent does transactivity at both the visual and action levels influence (a) individual learning and also (b) equivalence between learning partners regarding the extent of their outcome knowledge
H4: To what extent does a computer-supported script designed to create knowledge interdependence among co-learners influence both individual acquisition of knowledge and outcome knowledge equivalence?
H5: To what extent does knowledge interdependence influence (a) the amount of time participants spent looking at their partner’s individual concept map (visual transactivity) and (b) the number of uptake acts during the building of the collaborative concept map (action transactivity)?",,"1. We wanted to deepen our knowledge of how students – working in dyads – construct a common concept map in order to graphically represent their shared understanding of a particular learning topic (the functioning of the neuron). 
2. More specifically, we focused on transactivity in collaborative concept mapping. ",Participants worked in dyads to build a concept map collaboratively,"1) same information
2) complementary condition","1. found that the degree to which participants co-manipulate the same objects in the collaborative map (action transactivity) is higher when they discussed identical (rather than complementary) information. 
2. Results from eye-gaze data showed that participants who shared complementary information transitioned more frequently between their own map and their partner’s map; eye-movement transitions between own and peer maps were also negatively correlated with learning outcomes.",G=29, I=58,NS,lab,,,"47 men, 11 women, university students",,,I) Eye Gaze,I) Eye Tracker,I) Tobii 1750,"1) Concept Map Fixation Time Ratio
2) Number Of Concept-Map Eye-Gaze Transitions","1) Visual Attention
2) Visual Attention","1) Gaze
2) Gaze","1) Individual
 2) Individual","1) pure_indiv
2) object_indiv",1) I,a) learning,a) learning test,a) learning,a) product,a) 1,"1,2-A: negative correlation->sig",correlation,correlation_regression
91,zoe,118,2008,The NISPI framework: Analysing collaborative problem-solving from students' physical interactions,The overarching research aim of this study is to investigate the four aspects of CPS via nonverbal indexes of students' physical engagement.,,The overarching research aim of this study is to investigate the four aspects of CPS via nonverbal indexes of students' physical engagement.,building a working prototype using an Arduino-based physical computing kit,NS,The results show that the NISPI framework can be used to judge students' CPS competence levels accurately based on their non-verbal behaviour data. ,,I = 45,NS,lab,,,"which nine are in the first year of their secondary education (aged 11e12 years) from a girls-only secondary school in the UK, and the other thirty-six are Engineering students at a European Uni- versity, with an average age of 20 years old, three female and thirty three male. ",,,II) Video,II) Camera,II) Microsoft Kinect,1) Physical Interactivity,1) Gross Body Motion,1) Body,1) Group,1) synchro,"1) II
",a)cps competencies,a) human evaluation ,a) learning,a) product,a) 1,1-A: ANOVA->sig,ANOVA,between-group
92,zoe,27,2021,Many are the ways to learn identifying multi-modal behavioral profiles of collaborative learning in constructivist activities,"What do learners’ visible behavior profles reveal about learning in a collaborative 
 open-ended learning activity?",,"The goal of this paper is to build a multi-modal understanding of learning vs non-learning 
 as it happens in a collaborative open-ended activity","an open-ended learning
 task around interactive tabletops with a robot mediator",NS," The amount of speech interaction and the overlap of 
 speech between a pair of learners are behavior patterns that strongly distinguish between 
 learning and non-learning pairs. Delving deeper, fndings suggest that overlapping speech 
 between learners can indicate engagement that is conducive to learning.",G= 32 ,I=64,NS,lab,,,9-12 years,,,"II) Video
III) Audio
V) Log Data","II) Camera
III) Microphone
V) Log Data","II) RGB-D
III) NS
V) Learning Platform",1) ,"1) Facial Expressions
2) Speech Participation
3) Task-Related 
4) Gaze Motion","1) Head
2) Verbal
3) Log Data
4) Gaze","1) Individual
 2) Individual
 3) Individual
 4) Individual","1) pure_indiv
2) pure_indiv
3) content_indiv
4) pure_indiv","1) II
2) III
3) V
4) II",a) learning gain ,a) survey ,a) learning,a) product,a) 1,"2-A: Kruskal-Wallis->sig 
1,2,3-A: sup. machine learning: (0.89)->sig","non-parametric tests
machine learning","between-group
machine-learning"
94,zoe,36,2020,Modelling Collaborative Problem-solving Competence with Transparent Learning Analytics: Is Video Data Enough?,"1) What automated metrics from video data can be used to predict students’ speaking, making, listening and watching behaviours during collaborative learning activities? 
2) To what extent can video data analytics accurately predict learners’ CPS competence?",,Our ultimate goal is to generate transparent and explainable models that predict learners’ CPS competences from video data.,Design tasks (engineering),NS,"Although the decision trees illustrate that the automated metrics from video data can be used to predict CPS competence better than baseline, the accuracy of the decision trees need to be improved. The accuracy of the transparent models we built are inferior to previous LA work in the field that involves multimodal data ",G=15,I=45,NS,lab,,,"18 engineering students (17 male, 1 female). Their average age was 20 years old",,,II) Video,II) Camera,II) NS,"1) Metrics Of Frequency
2) Metrics Of Hands Distance","1) Hand Motion
2) Hand Motion","1) Body
2) Body","1) Individual
 2) Individual","1) pure_indiv
2) pure_indiv","1) II
2) II",a) cps competence,a) human evaluation ,a) learning,a) product,a) 1,"1,2-A: machine learning: (0.75)->sig",machine learning,machine-learning
95,zoe,2,2021,An Integrated Observing Technic for Collaborative Learning: The Multimodal Learning Analytics Based on the Video Coding and EEG Data Mining,,, it is an integrated observation technic to represent it at both macro and micro levels through video coding and electroencephalogram (EEG) data mining,,NS,"6 participants, 2 groups", G=2, I=6,NS,eco,,,"3 females and 6 males, who were third grade engineering students in one normal university.",,,VIII) EEG,VIII) EEG Sensor,VIII) NS,1) Mediation- Anxiety Level,1) Brain,1) Physiological,1) Individual,1) pure_indiv,1) VIII,a) learning gain ,a) human evaluation ,a) learning ,a) product,a) 1,1-A: Mann-Whitney U and Kruskal-Wllis tests->sig,non-parametric tests,between-group
96,zoe,89,2021,Inter-brain synchrony in teams predicts collective performance, examine the relationship between group identification and inter-brain synchrony in explaining collective per- formance,,This design allowed us to examine the relationship between group identification and inter-brain synchrony in explaining collective per- formance. ,Problem-solving tasks,NS,These results suggest that inter-brain synchrony can be informative in understanding collective performance among teams where self-report measures may fail to capture behavior., G=44, I=174,NS,eco,,,university,,,VIII) EEG ,VIII) EEG Sensor,"VIII) Emotiv
",1) Inter-Brain Synchrony ,1) Brain,1)  Physiological,1) Individual,1) pure_indiv,1) VIII,a) tasks performance,a) mixed - human evaluation & tests,a) performance,a) product,a) 1,1-A: correlation->sig,correlation,correlation_regression
97,kavie,561,2001,Eye gaze patterns in conversations: there is more to conversational agents than meets the eyes,"H1: On average, significantly more time is spent gazing at the individual one listens or speaks to, than at others
H2: On average, significantly more time is spent gazing at each person when addressing a group of three, than at others when addressing a single individual
H3: On average, time spent gazing at each individual when addressing a group of three is significantly more than one third of the time spent gazing at a single addressed individual
H4: On average, significantly more time is spent gazing at the individual one listens to, than at the individual one speaks to",,"1. In this paper, we present an experiment aimed at evaluating whether gaze directional cues of users could be used for establishing who is talking to whom","Subjects participated in four 8-minute sessions: one in which we recorded where they looked using a desk-mounted eye tracker, and three in which they were conversational partners only. ",NS,"1. Results indicate that when someone is listening or speaking to individuals, there is indeed a high probability that the person looked at is the person listened (p=88%) or spoken to (p=77%). 
2. We conclude that gaze is an excellent predictor of conversational attention in multiparty conversations.",,I=24,NS,lab,,,"19 male, 5 female, university students",,,"I) Eye Gaze
III) Audio","I) Eye Tracker
III) Microphone","I) NS
II) NS","1) Fixation
2) Speech Utterance","1) Visual Attention
2) Speech Features","1) Gaze
2) Verbal","1) Individual
 2) Individual","1) pure_indiv
2) pure_indiv","1) I
2) III",a) conversational attention,a) human evaluation,a) coordination,a) process,a) 1,"1,2-A: t-test->sig",t-test,between-group
98,kavie,123,2004,Another person's eye gaze as a cue in solving programming problems,H1: If seeing one person's visual focus of attention (represented as an eyegaze cursor) while debugging software (displayed as text on a screen) can be helpful to another person doing the same task. ,,"1. We set out to demonstrate that having a visual representation of one person's eye gaze can improve another's performance in a visuo-spatial domain, namely, debugging computer programs.",Programmers visited lab and found bugs in programs,SGV,"1. Another person's eye gaze, produced instrumentally (as opposed to intentionally, like pointing with a mouse), can be a useful cue in problem solving. 
2. This finding supports the potential of eye gaze as a valuable cue for collaborative interaction in a visuo-spatial task conducted at a distance.",,I=10,real-time,lab,,,expert software engineers,,,I) Eye Gaze,I) Eye Tracker,I) NS,1) Eye Gaze Trace,1) Eye Motion,1) Gaze,1) Individual,1) pure_indiv,1) I,a) performance,a) log data,a) performance,a) product,a) 1,1-A: ANOVA->sig,ANOVA,between-group
99,kavie,451,2008,Coordinating cognition: The costs and benefits of shared gaze during collaborative search,"H1: To what extent does collaborative search produce meaningful benefits over soli- tary search?
H2: How do people coordinate during collaborative search? 
H3: What communication medium best mediates time-critical collaborative search?",,"1. In this study, we use the grounding framework and a visual search task to study the behavioral coordination underlying collaboration.","Participants searched for an O among Qs oriented at 0°, 90°, 180°, and 270°.","1) Shared-Gaze (SG)
2) Shared-Voice (SV)
3) SG+V
4) No-Communication (NC)
5) One-person (1P)","1. People can successfully communicate and coordinate their searching labor using shared gaze alone. 
2. Strikingly, shared gaze search was even faster than shared-gaze-plus-voice search; speaking incurred substantial coordina- tion costs. 
3. We conclude that shared gaze affords a highly efficient method of coordinating par- allel activity in a time-critical spatial task.",G=40, I=20,real-time,lab,,,graduate students,,,"I) Eye Gaze
III) Audio","I) Eye Tracker
III) Microphone","I) Eyelink II
III) NS","1) Shared Gaze
2) Shared Voice","1) Visual Attention
2) Speech Participation","1) Gaze
2) Verbal","1) Group
 2) Group","1) synchro
2) synchro","1) I
2) III",a) task performance,a) task outcome,a) performance,a) product,a) 1,"1,2-A: t-test->sig",t-test,between-group
100,kavie,29,2005,Analyzing and predicting focus of attention in remote collaborative tasks,"H1: We hypothesize that if we can show the remote helper the desired view of the worker’s environment in any specific instance of the task automatically, it will free the helper from having to control the camera.","In this research, we are interested in the relationship between spoken utterances and gaze. Our goal is to predict focus of attention from keywords extracted from the dialogue during a collative physical task, i.e., Talk -to-Look.",,The helper and worker collaborated to construct a series of puzzles.,"1) Differentiability of the puzzle pieces (solid colors vs. shaded)
2) Complexity of the puzzle (5, 10, 15)","The results further suggest that a helper’s desired focus of attention can be predicted based on task properties, his/her partner’s actions, and message properties.",G=12, I=24,NS,lab,,,college and graduate students,,,V) Log Data,V) Log Data,V) NS,"1) Task Properties
2) People's Actions
3) Message Content","1) Task-Related
2) Task-Related
3) Task-Related","1) Log Data
2) Log Data
3) Log Data","1) Individual
 2) Individual
 3) Individual","1) content_indiv
2) content_indiv
3) content_indiv","1) V
2) V
3) V",a) focus attention,a) log data,a) coordination,a) process,a) 1,"1, 2, 3-A: sup. machine learning: (74.25%)->sig",machine learning,machine-learning
101,kavie,137,2003,Gestural Communication over Video Stream: Supporting Multimodal Interaction for Remote Collaborative Physical Tasks,H1: We hypothesized that DOVE’s drawing component would improve communication over a scene camera alone because it allows helpers to display a full range of pointing and representational gestures.,,"In this research, our goal is to develop technologies to support communication through speech and gesture during collaborative physical tasks.",build a large toy robot,"1) Scene camera only: helper could view the output of the IP camera focused on the workers task environment, but could not manipulate the video feed; 
2) DOVE + manual erasure of gestures: helper could draw on the video feed but had to manually erase their gestures; and 
3) DOVE + automatic erasure of gestures: helpers could draw on the video feed and the gestures faded out after 3 seconds.","As hypothesized, performance was significantly faster with the DOVE system than with the network IP camera alone (see Figure 11). Performance was also faster with the auto-erase function enabled than when helpers had to manually erase their gestures.",G=14, I=28,NS,lab,,,"undergraduate
students",,,X) BVP,X) Digital Pen,X) Dove,1) Gesture Drawing On Video Feed,1) Gross Body Motion,1) Body,1) Individual,1) pure_indiv,1) X,a) task performance,a) log data,a) coordination,a) process,a) 1,1-A: ANOVA->sig,ANOVA,between-group
102,kavie,64,2007,"Influencing social dynamics in meetings through a peripheral display
","H1: Speaking time will be distributed more equally in sessions with feedback than in sessions without feedback. Concretely,
participants who under-participate without feedback will
participate more in the presence of feedback and participants who over-participate without feedback will participate less when
feedback is presented.
H2: Speakers’ visual attention will be distributed more equally
among listeners when feedback is present than without feedback.
H3: Visual attention from listeners for the speaker will be higher in sessions with feedback.
H4: Participants’ satisfaction about group communication and
performance will be higher in the presence of feedback.",,"In this paper we focus on social dynamics and we are interestedin investigating whether we can influence the social dynamics ofa meeting by providing feedback to the meeting participants.","Each group participated in two discussionsessions in which the members had to reach agreement on aparticular topic.","1) feedback about speaking time and visual attention
was provided in the form of a visualization
2) in the other condition no feedback was provided","It was found that the presence of the feedback about speaking
time influenced the behaviour of the participants in such a way
that it made over-participators to behave less dominant and
under-participators to become more active. Feedback on eye gaze
behaviour did not affect participants’ gazing behaviour (both for
listeners and for speakers) during the meeting.",G=19, I=76,real-time,lab,,,general population (database listing volunteers for experiments) and university students,,,"I) Eye Gaze
III) Audio","I) Eye Tracker
III) Microphone","I) NS
II) NS","1) Attention
2) Speech Time","1) Visual Attention
2) Speech Participation","1) Gaze
2) Verbal","1) Individual
 2) Individual","1) pure_indiv
2) pure_indiv","1) I
2) III",a) quality of collaboration,a) log data,a) coordination,a) process,a) 1/0,"1-A: t-test->non
2-A: t-test->sig","t-test
t-test","between-group
between-group"
103,zoe,120,2002,A Look Is Worth a Thousand Words: FullGaze Awareness in Video-MediatedConversation,The hypothesis that full gaze awareness can perform the function of check andalign games nonverbally,"Full gaze awareness,defined here as knowing what someone is looking at, might be ex-pected to be a powerful communicative resource when the conversation concerns someobject of common interest in the environment. This article sets out to demonstrate thispossibility in the context of video-mediated communication.",hypothesis that full gaze awareness can perform the function of check andalign games nonverbally,E learning ,"1)GA DisplayVideo 
2)Tunnel Only
3) Audio Only","1.  Making full gaze awareness possible considerably reduces the amount oftalk and, even more notably, the degree to which participants need to verballycheck their own and the other person’s understanding of what has been said.2.  Any advantage provided by a view of the face (facial expression and mu-tual gaze) is smaller than the advantage provided by full gaze awarenessand not detectable in this experiment.",G=24, I=48,real-time,lab,,,students at University of York,,,"I) Eye Gaze
",I) Camera,I) NS,1) Gaze Awareness ,1) Visual Attention,1) Gaze,1) Individual,1) pure_indiv,1) I,"a) task performance 
B) collaboration quality","a) log data
B) log data ","a) performance 
B) coordination
","a) product
B) process","a) 1
b) 1","1-A: ANOVA->sig 
1-B: ANOVA->sig","ANOVA
ANOVA","between-group
between-group"
104,zoe,26,2009,Recognizing communicative facial expressions for discovering interpersonal emotions in group meetings,"Our goal is to automatically discover the interpersonal emotions that
evolve over time in meetings, e.g. how each person feels
about the others, or who affectively influences the others
the most. A",,"This paper proposes a novel facial expression recognizer and
describes its application to group meeting analysis. ",group meeting ,NS,A four-person meeting captured by an omnidirectional video system is used to confirm the effectiveness of the proposed method and the potential of our approach for deep understanding of human relationships developed through communications,G=1, I =4,NS,lab,,,unknown,,,II) Video,II) Camera,II) NS,1) Affective State,1) Facial Expressions,1) Head,1) Individual,1) pure_indiv,1) II,a) Emotion network,a) human evaluation ,a) affective,a) process,a) 1,1-A: unsup. machine learning->sig ,machine learning,machine-learning
105,zoe ,127,2010,Coordinating spatial referencing using shared gaze,how emotion evolves during learning process and how emotion feedback could be used to improve learning experiences.,this study explored how emotion evolves during learning process and how emotion feedback could be used to improve learning experiences.,,," SG, shared gaze; SGV, shared gaze plus speech;
SV, shared voice; NC, no communication","These results suggest that sharing gaze can be more efficient than speaking when people
collaborate on tasks requiring the rapid communication of spatial information",G=16, I =32,real-time,lab,University ,,undergraduate students,,,"I) Eye Gaze
III) Audio","I) Eye Tracker
III) Microphone","I) Eyelink II
III) NS","1) Shared Gaze
2) Shared Speech ","1) Visual Attention
2) Speech Features","1) Gaze
2) Verbal ","1) Group
 2) Group","1) synchro
2) synchro","1) I
2) III",a) collaboration,a) log data ,a) coordination,a) process,a) 1,"1,2-A: t-test->sig ",t-test,between-group
106,zoe ,618,2009,Affective e-Learning: Using “Emotional” Data to Improve Learning in Pervasive Learning Environment,this study explored how emotion evolves during learning process and how emotion feedback could be used to improve learning experiences.,,this study explored how emotion evolves during learning process and how emotion feedback could be used to improve learning experiences.,online learning ,NS,Experiments indicated the superiority of emotion aware over non-emotion-aware with a performance increase of 91%.,G=1, I=2 ,NS,eco,,,graduate student,,,"VIII) EEG
VII) ECG
VI) EDA
X) BVP",VIII) EEG Sensor,"VIII) NS
VII) NS
VI) NS
X) NS","1) Physiological
2) Physiological
3) Physiological
4) Physiological","1) Brain
2) Brain
3) Brain
4) Brain","1) Physiological
2) Physiological
3) Physiological
4) Physiological","1) Individual
 2) Individual
 3) Individual
 4) Individual","1) pure_indiv
2) pure_indiv
3) pure_indiv
4) pure_indiv","1) VIII
2) VII
3) VI
4) X",a) affective states,a) survey,a) affective ,a) process,a) 1,"1,2,3,4-A: machine learning: (86.30%)->sig",machine learning,machine-learning
107,zoe,4,2018,Multimodal Analysis of Group Attitudes Towards Meeting Management,We hypothesize that linguistic information is useful when trying to detect complex attitudes that may only subtly manifest themselves in group situations.,,"We present experimental results on the task of automatically predicting group members’ attitudes about management of their meeting,
based on linguistic and acoustic features derived from the meeting
recordings and transcripts. T",group meeting ,NS,"A key finding is that features of linguistic content by themselves yield poor
prediction performance on this task, but the best results are found
by combining acoustic and linguistic features in a multimodal prediction model. ",G=3, I =12,NS,eco,,,unknown,,,III) Audio,III) Microphone,III) NS,"1) Speech Features
2) Linguisitc Features ","1) Speech Features 
2) Speech Features","1) Verbal
2) Verbal","1) Individual
 2) Individual","1) pure_indiv
2) pure_indiv","1) III
2) III",a) social perception,a) survey,a) interpersonal relationship,a) process,a) 1,"1,2-A: sup. machine learning: (93%)->sig",machine learning,machine-learning
108,kavie,30,2006,"Toward Open-Microphone Engagementfor Multiparty Interactions","1. We hypothesized that speakers would use substantially
higher amplitude when addressing a computer compared
with human peers
2. We hypothesized that substantial,
abrupt, and bi-directional amplitude shifts would occur
across adjacent utterance boundaries representing such
changes in interlocutor.
3. We hypothesized that amplitudedifferences would be largest when lexical markers wereabsent, and attenuated when present.
4. We hypothesized large individualdifferences among speakers in the adoption of commandstylespeech, and also a higher ratio of such input directedto computers.",,"Given the dynamic way people useamplitude to capture and direct an addressee’s attention, in thisstudy we focus on amplitude as a potential marker of intendedinterlocutor during computer-assisted group interactions.","solve basic geometry andalgebra problems,","1. low
2. moderate
3. very-high","Results
revealed that amplitude was 3.25dB higher when users
addressed a computer rather than human peer when no lexical
marker of intended interlocutor was present, and 2.4dB higher
for all data. ",G=6, I=18,NS,lab,,,high school students,,,III) Audio,III) Microphone,III) NS,"1) Speech Features
2) Speech Features
3) Speech Style","1) Speech Content
2) Speech Features
3) Dialogue Style","1) Verbal
2) Verbal
3) Verbal","1) Individual
 2) Individual
 3) Individual","1) content_indiv
2) pure_indiv
3) pure_indiv","1) III
2) III
3) III","a) amplitude difference
B) command usage","a) log data
B) human evaluation","a) communication
B) communication","a) process
B) process","a) 1
b) 1","1,2,3-A: t-test->sig
1,2,3-B: t-test->sig","t-test
t-test","between-group
between-group"
109,kavie,13,2011,Evaluation of user gestures in multi-touch interaction: a case study in pair-programming,"1. is multi-touch better than the desktop for some traditional application? 
2. can gesticulation be used as a suitable signal of natural interaction justifying  the chain that more gestures provoke a more natural, and, thus, better interaction?",,"Is there any practicaladvantage (e.g., in terms of efficient problem solving) when usinga natural interface?",review snippets of C code,"1. Desktop
2. Multi-touch","We show how the adoption of a multi-touch user interface fosters asignificant, observable and measurable, increase of nonverbalcommunication in general and of gestures in particular, that inturn appears related to the overall performance of the users in thetask of algorithm understanding and debugging.",G=22, I=44,NS,lab,,,university students of computer science or ICT professionals,,,II) Video,II) Camera,II) NS,1) Gesture Fluency,1) Gross Body Motion,1) Body,1) Individual,1) pure_indiv,1) II,a) communicative intent ,a) human evaluation,a) communication,a) process,a) 1,1-A: ANOVA->sig,ANOVA,between-group
110,kavie,22,2009,"Towards Adapting Fantasy, Curiosity and Challenge in
Multimodal Dialogue Systems for Preschoolers","We investigate how fantasy, curiosity and challenge con-
tribute to the user experience in multimodal dialogue com-
puter games for preschool children.",,,"The tasks selectedwere (the target age group for each task is shown in paren-thesis): animal recognition (ages 3-4), shape recognition(ages 4-5), quantity comparison (ages 3-4), number recog-nition (ages 5-6) and addition (ages 5-6).",NS,"Results show high speech usage and high curiosity levels in the application correlate well with task completion, showing that preschoolers become more engaged when multimodal interfaces are speech enabled and contain curiosity elements.",,I=9,NS,lab,,,unknown,,,III) Audio,III) Microphone,III) NS,1) Speech Usage,1) Speech Features,1) Verbal,1) Individual,1) pure_indiv,1) III,"a) task performance
B) curiosity ","a) human evaluation
B) human evaluation","a) performance
B) affective","a) product
B) process","a) 1
B) 1","1-A: correlation->sig
1-B: correlation->sig","correlation
correlation","correlation_regression
correlation_regression"
111,zoe,216,2008,"Multimodal recognition of personality traits in social interactions
Authors
",This paper targets the automatic detection of personality traits in a meeting environment by means of audio and visual features; information about the relational context is captured by means of acoustic features designed to that purpose. T,,This paper targets the automatic detection of personality traits in a meeting environment by means of audio and visual features; information about the relational context is captured by means of acoustic features designed to that purpose. T,group problem solving in a meeting,NS,"The outcomes improve considerably over existing results, provide evidence about the feasibility of the multimodal analysis of personality, the role of social context, and pave the way to further studies addressing different features setups and/or targeting different personality traits.",G=1, I = 4,NS,lab,,,unknown,,,"II) Video
III) Audio","II) Camera
III) Microphone","III) NS
II) NS","1) Gross Body Movements 
2) Speech Features ","1) Gross Body Motion
2) Speech Features ","1) Body
2) Verbal","1) Individual
 2) Individual","1) pure_indiv
2) pure_indiv","1) II
2) III",a) personality,a) survey,a) group composition,a) condition,a) 1,"1,2-A: sup. machine learning: (90%)->sig",machine learning,machine-learning
112,zoe,48,2009,Modeling the Personality of Participants During Group Interactions,"target the automatic prediction of two personality traits, Extraversion and Locus of Control, in a meeting scenario using visual and acoustic features",," In this paper we target the automatic prediction of two personality traits, Extraversion and Locus of Control, in a meeting scenario using visual and acoustic features",group problem solving in a meeting,NS,"We designed our task as a regression one where the goal
is to predict the personality traits‘ scores obtained by the meeting participants.
Support Vector Regression is applied to thin slices of behavior, in the form of
1-minute sequences.",G=1, I = 4,NS,lab,,,unknown,,,"II) Video
III) Audio","II) Camera
III) Microphone","III) NS
II) NS","1) Gross Body Movements 
2) Speech Features ","1) Gross Body Motion
2) Speech Features ","1) Body
2) Verbal","1) Individual
 2) Individual","1) pure_indiv
2) pure_indiv","1) II
2) III",a) personality,a) survey,a) group composition,a) condition,a) 1,"1,2-A: sup. machine learning: (90%)->sig",machine learning,machine-learning
113,zoe,28,2009,"Automatic prediction of individual performance from"" thin slices"" of social behavior","This paper targets the automatic detection of individual
performances in group tasks by means of short sequences, ‘‘thin
slices’’, of nonverbal behavior. ",,"This paper addresses the prediction of individual performance in
group tasks by means of short sequences of nonverbal behavior
(‘‘thin slices’’)",Mission Survival Task - group problem solving ,NS,"Few social signals (a subset of Emphasis and general visual
activity features) have turned out to be enough to take accuracy
close to 0.5 and provide a statistically significant improvement
over the trivial classifier.",G=1, I = 4,NS,lab,,,unknown,,,"II) Video
III) Audio","II) Camera
III) Microphone","III) NS
II) NS","1) Gross Body Movements
 2) Speech Features","1) Gross Body Motion
2) Speech Features ","1) Body
2) Verbal","1) Individual
 2) Individual","1) pure_indiv
2) pure_indiv","1) II
2) III",a) task performance,a) human evaluation,a) performance,a) product,a) 0,"1,2-A: unsup. machine learning: (50%)->non",machine learning,machine-learning
114,kavie,14,2006,Combining audio and video to predict helpers' focus of attention in multiparty remote collaboration on physical tasks,"1. explore the possibility of predicting the helper's FOA from speech
2. explore the possibility of predicting the helper's FOA from video",,"In this research , our goal is to develop a multimedia system that supports multipart y remote collaboration s on physical tasks in which a helper (expert) assists multiple workers ( novices).",collaborative circuit assembly task,NS,The overall prediction accuracies are 79.52% using audio only and 81.79% using audio and video combined.,G=12, I=36,NS,lab,,,workers,,,"II) Video
III) Audio","II) Camera
III) Microphone","II) NS
III) NS","1) Gross Body Movements
2) Dialogue Episodes","1) Gross Body Motion
2) Speech Features","1) Body
2) Verbal","1) Individual
 2) Group","1) pure_indiv
2) synchro","1) II
2) III",a) attention,a) human evaluation,a) coordination,a) process,a) 1,"1,2-A: sup. machine learning: (81.79%)->sig",machine learning,machine-learning
115,kavie,11,2009,Predicting remote versus collocated group interactions using nonverbal cues,1. We hypothesize that the difference in the dynamics between collocated and remote meetings is significant and measurable using speech activity based nonverbal cues.,,"This paper addresses two problems: Firstly, the problem of classifying remote and collocated small-group working meetings, and secondly, the problem of identifying the remote participant, using in both cases nonverbal behavioral cues. Such classifiers can be used to improve the design of remote collaboration technologies to make remote interactions as effective as possible to collocated interactions.",,NS,"Our results on a publicly available dataset - the Augmented Multi-Party Interaction with Distance Access (AMIDA) corpus - show that such an approach is promising, although more controlled settings and more data are needed to explore the addressed problems further.",G=9,I=?,,eco,,,university students,,,III) Audio,III) Microphone,III) NS,"1) Speech Length
2) Speaking Turns
3) Successful Interruptions
4) Backchannels
5) Fraction Of Overlapped Speech
6) Fraction Of Silence","1) Speech Features
2) Speech Features
3) Speech Features
4) Speech Features
5) Speech Features
6) Speech Features
7) Speech Features","1) Verbal
2) Verbal
3) Verbal
4) Verbal
5) Verbal
6) Verbal
7) Verbal","1) Individual
 2) Group
 3) Group
 4) Individual
 5) Group
 6) Group","1) pure_indiv
2) indiv_freq_in_group
3) indiv_freq_in_group
4) pure_indiv
5) synchro
6) synchro","1) III
2) III
3) III
4) III
5) III
6) III","a) type of meeting
B) collocated meeting inference
c) participation","a) log data
B) log data
c) log data","a) coordination
B) coordination
c) engagement","a) process
B) process
c) process","a) 1
B) 1
c) 0","2-A: unsup. machine learning: (70%)->sig
2-B: unsup. machine learning: (81%)->sig
1-C: unsup. machine learning: (50%)->sig","machine learning
machine learning
machine learning","machine-learning
machine-learning
machine-learning"
116,kavie,47,2007,Reciprocal attentive communication in remote meeting with a humanoid robot,"1. By using the robot’s head motion, the remote user’s attention condition, such as listening or not listening, can be perceived more easily than by using video conferencing because in video conferencing the remote user’s focus of attention information is constrained by the 2-D display.
2. The remote user’s gaze direction would not match that of the local objects.
3. When using a robot, the remote user’s attention is expressed by the robot’s head; that is, the robot’s attention matches that of the local objects.",,,,"1. face-to-face
2. robot
3. video",Our experimental result shows that a tangible robot avatar provides more effective reciprocal attention against video communication.,G=3, I=6,NS,lab,,,unknown,,,II) Video ,II) Camera,II) NS,1) Gaze Frequency,1) Eye Motion,1) Gaze,1) Individual,1) pure_indiv,1) II,a) conversational attention,"a) survey
",a) coordination,a) process,a) 1,1-A: Tukey’s HSD test->sig,other,between-group
117,zoe,98,2001,Estimating focus of attention based on gaze and sound,"we are interested in
modeling focus of attention in a meeting situation. W",," In work presented here, we are interested in
modeling focus of attention in a meeting situation. We have
developed a system capable of estimating participants’ focus of attention from multiple cues. We employ an omnidirectional camera to simultaneously track participants’ faces
around a meeting table and use neural networks to estimate
their head poses. In addition, we use microphones to detect
who is speaking. T",group meeting,NS,"Using this approach, we have achieved 74 % accuracy in detecting the
participants’ focus of attention on three recorded meetings.",G=4, I = 12 ,NS,lab,,,unknown,,,"I) Eye Gaze
III) Audio","I) Camera
III) Microphone","I) NS
III) NS","1) Gaze Focus 
2) Sound Focus","1) Visual Attention 
2) Speech Features ","1) Gaze
2) Verbal","1) Individual
 2) Individual","1) pure_indiv
2) pure_indiv","1) I
2) III",a) focus of attention,a) human evaluation ,a) coordination,a) process,a) 1,"1,2-A: sup. machine learning: (74.8%)->sig",machine learning,machine-learning
119,zoe,30,2010,Putting the Pieces Together: Multimodal Analysis of Social Attention in Meetings,"H1: Attention is mostly given to the person sitting
right in front of the observer. This hypothesis derives
from an observation made in [14].
• H2: There exists a direct relationship between the verbal behavior of a person and the amount of attention
he receives. This hypothesis derives from [10].
• H3: Use of eye-gaze in conjunction with head-pose improves accuracy of automated social attention estimation. This hypothesis directly derives from the above
discussion.",,"This paper presents a multimodal framework employing eyegaze, head-pose and speech cues to explain observed social
attention patterns in meeting scenes.",group problem solving ,NS,Experimental results show that combining eye-gaze and head-pose estimates decreases error in social attention estimation by over 26%.,G=1, I =4 ,NS,lab,,,unknown,,,"I) Eye Gaze
II) Video
III) Audio","I) Camera
II) Camera
III) Microphone","I) NS
II) NS
III) NS","1) Eye Gaze Directions
2) Head Movements
3) Speech Features","1) Visual Attention
2) Hand Motion
3) Speech Features","1) Gaze
2) Body
3) Verbal","1) Individual
 2) Individual
 3) Individual","1) pure_indiv
2) pure_indiv
3) pure_indiv","1) I
2) II
3) III",a) focus of attention ,a) human evaluation ,a) coordination,a) process,a) 1,"1,2,3-A: sup. machine learning: (94.6%)->sig",machine learning,machine-learning
121,zoe,212,2002,Modeling focus of attention for meeting indexing based on multiple cues,The research issues include to identify: 1) who/what is the source of the message; 2) who or what is the target and object of the message (focus of attention); 3) what is the content of the message in the presence of jamming noise.,,We have evaluated the system using the data from three recorded meetings. The acoustic information has provided 8% relative error reduction on average compared to only using one modality. The focus of attention model can be used as an index for a multimedia meeting record. It can also be used for analyzing a meeting.,meeting,NS,"By using both head
pose and sound, focus of attention could be detected in 76% of
the frames in recorded meetings",G=3, I= 12,NS,lab,,,,,,"I) Eye Gaze
III) Audio
IV) Kinesiology","I) Camera
III) Microphone
IV) Motion Detecting Sensor ","I) NS
III) NS
IV) Polhemus Pose Tracker","1) Eye Gaze Directions 
2) Head Movements
3) Speech Features","1) Visual Attention 
2) Head Motion 
3) Speech Features","1) Gaze
2) Body
3) Verbal","1) Individual
 2) Individual
 3) Individual","1) pure_indiv
2) pure_indiv
3) pure_indiv","1) I
2) IV
3) III",a) focus of attention,a) human evaluation,a) coordination,a) process,a) 1,"1,2,3-A: sup. machine learning: (76%)->sig",machine learning,machine-learning
122,kavie,17,2009,Mediated attention with multimodal augmented reality,"H1: participants have a lower error rate in the condition using the audiovisual augmentations compared to the condition without them
H2: similarly that they exhibit a shorter reaction time in the condition with both augmentations.",,,performed gaze game,1.“highlighting on” condition where both the visual and the auditory augmentations were provided  2. “highlighting off” condition where neither visual nor auditory augmentation was given,We were able to show an improvement for both dependent variables as well as positive feedback for the visual augmentation in the questionnaire.,G=11, I=22,NS,lab,,,university students,,,I) Eye Gaze,I) Eye Tracker,I) NS,1) Reaction Time,"1) Visual Attention 
2) Head Motion 
3) Speech Features ","1) Gaze
2) Head
3) Verbal",1) Individual,1) pure_indiv,1) I,"a) search time
B) error rate","a) log data
B) human evaluation","a) performance
B) performance","a) process
B) product","a) 1
B) 1","1-A: t-test->sig
1-B: t-test->sig","t-test
t-test","between-group
between-group"
123,kavie,32,2008,Implicit user-adaptive system engagement in speech and pen interfaces,"1. People will use both higher speech amplitude and higher pen pressure levels to mark a computer rather than human as an intended addressee.
2. Reliable system engagement can be achieved above chance levels based on implicit energy cues in users’ communication, with speech amplitude yielding higher reliabilities than pen pressure
3. Over a session, people will increase their amplitude and pressure when addressing the computer, decrease them when addressing a human, and expand their energy differential between computer and human─which will yield improvement in overall system reliability.
4. Following computer failures to engage, people will forcefully increase both speech amplitude and pen pressure as an adaptation to repair the error. Basically, they will accentuate their naturally-occurring behavior.",,The primary objectives of the present study involved empirical research and prototyping of implicit user-adaptive interfaces involving speech and pen input for collaborative use in field settings.,solve basic algebra and geometry problems,NS,"Results revealed that users spontaneously, reliably, and substantially adapted these forms of communicative energy to designate and repair an intended interlocutor in a computer-mediated group setting. This behavior was harnessed to achieve system engagement accuracies of 75-86%, with accuracies highest using speech amplitude. However, students had limited awareness of their own adaptations. Finally, while continually using these implicit engagement techniques, students maintained their performance level at solving complex mathematics problems throughout a one-hour session.",G=12, I=24,NS,lab,,,high school students,,,"III) Audio
V) Log Data","III) Microphone
V) Digital Pen","III) NS
V) NS","1) Speech Amplitude
2) Pen Pressure","1) Speech Features
2) Task-Related","1) Verbal
2) Log Data","1) Individual
 2) Individual","1) pure_indiv
2) pure_indiv","1) III
2) V",a) task performance,a) research coded,a) performance,a) product,a) 1/0,"1-A: t-test->sig
2-A: t-test->non","t-test
t-test","between-group
between-group"
124,kavie,100,2007,Gaze-communicative behavior of stuffed-toy robot with joint attention and eye contact based on ambient gaze-tracking,"1. This research is motivated by the need toclarify both the simple effectiveness of human-robot eye contact/joint attention and the interaction of these behaviors.",,"In this paper, we propose and verify a gaze-communicative stuffed-toy robot system based on a gradual gaze-communication model. The model consists of 1) joint attention action for indirectly getting the user’s interest and 2) eye-contact reaction for directly eliciting the user’s favorable feeling.",,NS,"From both subjective evaluations and observations of the user’s gaze in the demonstration experiments, we found that i) joint attention draws the user’s interest along with the user-guessed interest of the robot, ii) “eye contact” brings the user a favorable feeling for the robot, and iii) this feeling is enhanced when “eye contact” is used in combination with “joint attention.” These results support the approach of our embodied gazecommunication model.",,I=22,NS,lab,,,unknown,,,I) Eye Gaze,I) Eye Tracker,I) NS,"1) Reaction To Eye Contact
2) User-Initiative Joint Attention","1) Visual Attention
2) Visual Attention","1) Gaze
2) Gaze","1) Group
 2) Group","1) synchro
2) synchro","1) I
2) I","a) subconscious interest
B) favorable feeling","a) survey
B) survey","a) engagement
B) interpersonal relationship
","a) process
B) process","a) 1
B) 1","1-A: t-test->sig
2-B: t-test->sig","t-test
t-test","between-group
between-group"
125,zoe,42,2008,Multi-party focus of attention recognition in meetings from head pose and multimodal contextual cues,This paper presents investigations on visual focus of attention (VFOA) recognition in meetings from audio-visual perceptual cues.,,"This paper presented a multi-person focus of attention tracking system that combine two technologies, namely person tracking and head orientation estimation. T","lecture in a meeting room:In this paper, we propose and verify a gaze-communicative stuffed-toy robot system based on a gradual gaze-communication model. The model consists of 1) joint attention action for indirectly getting the user’s interest and 2) eye-contact reaction for directly eliciting the user’s favorable feeling.",NS,"The model is rigorously evaluated on a publicly available dataset of 4 real meetings of 23min on average, showing an overall 10% relative performance increase w.r.t. the independent recognition case.",G=1,I =4,NS,eco,,,AMI corpus,,,"III) Audio
IV) Kinesiology
V) Log Data","III) Microphone
IV) Camera
V) Log Data","III) NS
IV) NS
V) NS","1) Speech Features 
2) Head Rotations 
3) Slide Data ","1) Speech Features
2) Head Motion 
3) Task-Related ","1) Verbal
2) Body 
3) Log Data","1) Individual
 2) Individual
 3) Individual","1) pure_indiv
2) pure_indiv
3) pure_indiv","1) III
2) IV
3) V",a) focus of attention ,"a) human evaluation
",a) coordination,a) process,a) 0,"1,2,3-A: unsup. machine learning: (46.7%)->non",machine learning,machine-learning
126,zoe,10,2008,Multimodal Real-Time Focus of Attention Estimation in SmartRooms,This paper presents a real-time operating system for multi-person focus of attention (FoA) estimation in an inFigure 1. Focus of attention estimation of a group of people may allow the system to identify this gathering as a lecture where somebody is distracted looking through the window and somebody else is checking his email at the computer. door scenario equipped with multiple cameras and far-field microphones,,This paper presents an overview of our work on real-time multimodal tracking focus of attention of multiple persons in a SmartRoom scenario,lecture in a room ,NS,Experiments conducted over annotated databases yield quantitative results proving the effectiveness of the presented approach,G=2, I=8,NS,lab,,,unknown,,,IV) Kinesiology,IV) Camera,IV) NS,1) Head Rotation,1) Head Motion,1) Body,1) Individual,1) pure_indiv,1) IV,a) focus of attention ,"a) human evaluation
",a) coordination,a) process,a) 1,1-A: unsup. machine learning: (85%)->sig,machine learning,machine-learning
127,kavie,506,2000,"Coordination of Communication: Effects of Shared Visual
Context on Collaborative Work","1. Task performance. We predict that performance will be best in the side-by-side condition, because the quality of the shared visual context is maximized, and poorest in the audio-only condition, due to the lack of shared visual context. Performance in the video condition should be intermediate, because the video technology supports some but not all of the benefits of actual physical co-presence.
2. Conversational grounding. Ease of conversational grounding, as indicated by message length, number of conversational turns, and use of deictic expressions, should be easiest in the side-by-side condition, and hardest in the audio condition. 
3. Helper expertise. We anticipate that the effects of media condition on task performance and conversational grounding will be mediated by the expertise of the helper.",,In this paper we aim to clarify the role of visual information in one type of computer-supported cooperative work—collaborative repair of complex devices.,repair of complex devices,"1. audio-video 
2. audio-only
3. side-by-side","Resultsshow that the dyads complete the task more quickly andaccurately when helpers are co-located than when they areconnected via an audio link. However, they didn’t achievesimilar efficiency gains when they communicated throughan audio/video link. These results demonstrate the valueof a shared visual work space, but raise questions aboutthe adequacy of current video communication technologyfor implementing it.",,I=25,NS,lab,,,university students,,,"II) Video
III) Audio","II) Camera
III) Microphone","II) NS
III) NS","1) Gesture
2) Communication Quality","1) Gross Body Motion
2) Speech Participation","1) Body
2) Verbal","1) Individual
 2) Individual","1) pure_indiv
2) content_indiv","1) II
2) III",a) task performance,a) human evaluation,a) performance,a) product,a) 1,"1-A: ANOVA->non
2-A: ANOVA->non","ANOVA
ANOVA","between-group
between-group"
128,kavie,657,2003,"Effectsof head-mounted and scene-oriented video systems onremote collaboration on physical tasks","1. We hypothesize that both the headcamera with eye tracking system and the scene camera system would improve performance over an audio-only link, because the visual cues provided by the systems improve situational awareness and conversational grounding
2. Combined scene plus head-mounted camera system would improve performance over either camera alone, because each provides a complementary set of visual cues.",,"In the current study, we build on the findings by Kraut et al. by comparing the value, alone and in combination, of two different video systems: (a) a head-mounted video system with additional eye-tracking capability and (b) a scene camera that provides a wider view of the work area.",robot assembly,"1. side-by-side
2. audio-only
3. head-mounted camera
4. scene camera
5. scene plus head cameras.","Task completion times were shortest inthe side-by-side condition, and shorter with the scenecamera than in the audio-only condition. Participants ratedtheir work quality highest when side-by-side, intermediatewith the scene camera, and worst in the audio-only andhead-camera conditions. Similarly, helpers self-ratedability to assist workers and pairs communicationefficiency were highest in the side-by-side condition, butsignificantly higher with the scene camera than in theaudio-only condition. The results demonstrate the value ofa shared view of the work environment for remotecollaboration on physical tasks.",G=38, I=76,NS,lab,,,unknown,,,I) Eye Gaze,I) Eye Tracker,I) NS,1) Focus Of Attention,1) Visual Attention,1) Gaze,1) Individual,1) pure_indiv,1) I,"a) task performance
B) quality of assistance
c) communication efficiency","a) task outcome
B) survey
c) survey","a) performance
B) coordination
c) communication","a) product
B) process
c) process","a) 1
B) 1
c)  1","1-A: ANOVA->sig
1-B: ANOVA->sig
1-C: ANOVA->sig","ANOVA
ANOVA
ANOVA","between-group
between-group
between-group"
129,kavie,9,2022,"RemoteCoDe: Robotic Embodiment for Enhancing Peripheral
Awareness in Remote Collaboration Tasks","1. by using our system users can spend more time and attention on their primary task, as compared to standard video conferencing systems.
2. the system requires less time and physical effort to stay aware of a remote partner’s attention",,"In this paper, we present an embodied remote presence system designed to support design activities that involve a physical artifact by enhancing peripheral awareness.",debugging session,"1. system condition
2. video condition","The analysis of completion time for guessing attention area shows that participants took more time to guess in the video condition (MD = 2.41s, SD=0.97) than in our system condition (MD = 1.44s, SD=0.46). Users rotate their head less to look at the monitor to determinethe attention area, and can observe it through their peripheral vision",,I=13,NS,lab,,,unknown,,,IV) Kinesiology,IV) Camera,IV) NS,1) Head Rotation,1) Head Motion,1) Body,1) Individual,1) pure_indiv,1) IV,"a) peripheral awareness
","a) human evaluation
",a) engagement,a) process,a) 1,1-A: t-test->sig,t-test,between-group
130,zoe,34,2018,EEG in classroom: EMD features to detect situational interest of students during learning,this study investigates the possibility of detecting situational interest using Electroencephalogram (EEG) in classroom.,,this study investigates the possibility of detecting situational interest using Electroencephalogram (EEG) in classroom.,lecture  ,NS,"While SVM achieved high accuracy of 93.3% and 87.5% for two data sets using features from the four EEG channels, KNN classifier achieved high accuracy of 87.5% and 86.7% in the same datasets using single EEG channel.",G=1,I=43,NS,eco,,,first year university ,,,VIII) EEG ,VIII) EEG Sensor,VIII) Enobio EEG,1) Brain Waves Patterns ,1) Brain,1) Physiological,1) Individual,1) pure_indiv,1) VIII,a) situational Interest ,a) survey,a) engagement,a) process,a) 1,1-A: sup. machine learning: (93.3%)->sig,machine learning,machine-learning
131,kavie,390,2007,Speakers’ eye gaze disambiguates referring expressions early during face-to-face conversation,"1. Can eye gaze be used in the resolution of temporary ambiguity?
2. What is the time course by which it is integrated with linguistic processing?
3. Does eye gaze serve as an automatic orienting cue, or as a flexible cue?",,"In two experiments, we explored the time course and flexibility with which speakers’ eye gaze can be used to disambiguate referring expressions in spontaneous dialog.",referential communication,"1. near competitor
2. far competitor
3. no competitor","When mirrored displays held far competitors, matchers used directors’ eye gaze to identify targets before the linguistic point of disambiguation. Reversed displays caused substantial competition, yet matchers still identified targets before the linguistic point of disambiguation, showing an ability to rapidly re-map directors’ eye gaze. Our findings indicate eye gaze is a powerful and flexible disambiguating cue in referential communication",G=24, I=48,NS,lab,,,undergraduate students,,,I) Eye Gaze,I) Eye Tracker,I) NS,1) Eye Movements,1) Visual Attention,1) Gaze,1) Individual,1) pure_indiv,1) I,"a) conversational contents
B) orienting effect","a) log data
B) human evaluation","a) communication
B) coordination","a) process
B) process","a) 1
B) 1","1-A: ANOVA->sig
1-B: t-test->sig","ANOVA
t-test","between-group
between-group"
132,kavie,379,2008,Meeting mediator: enhancing group collaboration with sociometric feedback,"1. We hypothesize that MM will encourage meeting participants to modify their behavior to speak more.
2. We posit that participants using MM will be more interactive.
3. We hypothesize that MM, as an ambient and personal display, will not be disruptive to the purpose of the meeting.",,Our system encourages effective group dynamics that may lead to higher performance and satisfaction. We envision MM to be deployed in real-world organizations to improve interactions across various group collaboration contexts.,brainstorming and problem-solving,"1. with MM
2. without MM",,G=37, I=148,real-time,lab,,,university students and general population,,,III) Audio,III) Microphone,III) NS,1) Speech Time,1) Speech Features,1) Verbal,1) Individual,1) pure_indiv,1) III,"a) speaking dynamics
B) group interaction
c) distraction level","a) log data
B) human evaluation
c) human evaluation","a) communication
B) engagement
c) engagement","a) process
B) process
c) process","a)1
B) 1
c) 1","1-A: ANOVA->sig
1-B: ANOVA->sig
1-C: ANOVA->sig","ANOVA
ANOVA
ANOVA","between-group
between-group
between-group"
133,kavie,106,2007,"Using Audio and Video Features to Classify the Most
Dominant Person in a Group Meeting","1. We hypothesise that dominance in
group meetings correlates with high dynamic levels of human
activity, which can be represented by relatively primitive
features extracted from audio and/or video sensor data.",,"The aim of our work is to identify which features are well correlated with the most dominant person in a meeting. We use speaking length and energy, as suggested by [2]. In addition, we also extract features from video since non-verbal cues can also affect perceptions of dominance [9].",design remote control device,NS,"Our work indicates that, for the 34 meeting segments in which the most dominant person was reliably decoded by all annotators, our investigated audio cues were able to classify the most dominant person with relatively good accuracy. Our compressed-domain video features performed less well but still provided some discrimination, when the motion vectors and residual bit-rate measures were combined.",,I=4,NS,eco,,,AMI corpus,,,"III) Audio
IV) Kinesiology","III) Microphone
IV) Camera","III) NS
IV) NS","1) Speech Length
2) Speaking Energy
3) Motion Activity","1) Speech Features
2) Speech Features
3) Gross Body Motion","1) Verbal
2) Verbal
3) Body","1) Individual
 2) Individual
 3) Individual","1) pure_indiv
2) pure_indiv
3) pure_indiv","1) III
2) III
3) IV",a) dominance,a)assigned,a) group composition,a) process,a) 1/0,"1-A: sup. machine learning: (85%)->sig
2-A: sup. machine learning: (82%)->sig
3-A: sup. machine learning: (62%)->sig","machine learning
machine learning
machine learning","machine-learning
machine-learning
machine-learning"
134,zoe,8,2008,Visual focus of attention estimation from head pose posterior probability distributions,We address the problem of recognizing the visual focus of attention (VFOA) of meeting participants from their head pose and contextual cues. ,,"In this paper, we address the VFOA recognition problem from head pose information. Rather than relying on an estimated head poses defined by a pan and tilt angle, as done in all previous studies on the topic [2], [3], we propose to rely on the posterior probability density function (pdf) of the different head poses given the data to represent the head pose information embedded in the image data.",meeting with lecture ,NS,Numerical experiments on a public database of 4 meetings of 22 min on average show that this change of representation allows for a 5.4% gain with respect to the standard approach using head pose as observation.,G=4, I= 16,NS,eco,,,unknown,,,IV) Kinesiology,IV) Camera,IV) NS,1) Head Pose,1) Head Motion,1) Body,1) Individual,1) pure_indiv,1) IV,a) focus of attention ,"a) human evaluation
",a) coordination,a) process,a) 1,1-A: unsup. machine learning: (53.6%)->sig,machine learning,machine-learning
135,zoe,39,2010,Towards High-Level Human Activity Recognition through Computer Vision and Temporal Logic,"we develop state of the art real-time
computer vision systems to track and identify users, and estimate their
visual focus of attention and gesture activity. We also monitor the users’
speech activity in real time.",,"This paper presents a system
that fuses and interprets the outputs of several computer vision components as well as speech recognition to obtain a high-level understanding
of the perceived scene.","group activity in a room/ meeting, presentation, individual work etc.",NS,"In this paper, we presented our progress towards a framework for high-level human activity recognition.",G=1, I=3,NS,eco,,,actors,,,"II) Video
III) Audio
IV) Kinesiology","II) Camera
III) Microphone
IV) Camera","II) NS
III) NS
IV) NS","1) Focus Of Attention
2) Gestures
3) Speech Features ","1) Visual Attention
2) Gross Body Motion
3) Speech Features ","1) Gaze
2) Body
3) Verbal","1) Individual
 2) Individual
 3) Individual","1) pure_indiv
2) pure_indiv
3) pure_indiv","1) II
2) IV
3) III",a) group activity,a)human evaluation,a) coordination,a) process,a)1,"1,2,3-A: unsup. machine learning: (74.4%)->sig",machine learning,machine-learning
136,zoe,70,2018,Biosignals reflect pair-dynamics in collaborative work: EDA and ECG study of pair-programming in a classroom environment,"RQ1 Can we extract SPC from HRV variables in a natural protocol?
RQ2 Can windowed HRV be substituted by fast biosignals for examining SPC in a natural protocol?
RQ3 Can the physiological signals with high temporal resolution, found to reflect SPC, be associated with task related emotional valence and engagement?
",,"In this paper we study novel means to characterize collaboration using SPC measured via noisy signals from ANS, in uncontrolled natural settings.",paied programming ,NS," Results suggest that (a) we can isolate cognitive processes (mental workload) from confounding environmental effects, and (b) electrodermal signals show role-specific but correlated affective response profiles. ",G=14, I=28,NS,eco,,,undergraduate students,,,"VI) EDA
VII) ECG","VI) Wearable Sensor
VII) Wearable Sensor","VI) Shimmer 3 Gsr+
VII) Emotion Faros 180",1) Social Physiological Compliance,1) Combined,1) Physiological,1) Individual,1) pure_indiv,"1) VI, VII",a) task performance,a) log data ,a) performance,a) product,a) 1,1-A: minimum-width envelope->sig,minimum-width envelope,between-group
137,zoe,2,2022,"Toward Automated Detection of Phase Changes in Team Collaboration
"," how the BERT NLP model performs in a teamcommunicationcategorization task, in comparison to ground truth measures.",,,collaborative problem solving,"1. experimenter-participants 
2. participants only","Results suggest  BERT’s  capabilitiesat  phase  change  detectionare promisingfor  experienced  teams,  though  further  iteration  is needed on the methods in the current study",G=4, I =8,NS,lab,,,psychology pool (general population),,,III) Audio,III) Microphone,III) NS,1) Speech Features,1) Speech Features,1) Verbal,1) Individual,1) pure_indiv,1) III,a) coordination,a) human evaluation,a) coordination,a) process,a) 0,1-A: sup. machine learning: (40%)->non,machine learning,machine-learning
138,zoe,8,1999,Modeling People's Focus of Attention,we present an approach to model focus of attention of participants in a meeting via hidden Markov models (HMM),,The ob jective of this research is to track the focus of attention of participants in a meeting.,,NS,"The system has achieved
an accuracy rate of up to 93 % in detecting focus of
attention on test sequences taken from meetings.",G=1, I =4,NS,eco,,,unknown,,,IV) Kinesiology,IV) Camera,IV) NS,1) Head Rotation,1) Head Motion,1) Body,1) Individual,1) pure_indiv,1) IV,a) focus of attention ,"a) human evaluation
",a) coordination,a) process,a) 1,1-A: unsup. machine learning: (93%)->sig,machine learning,machine-learning
139,kavie,156,2001,Socialphysiological compliance as a determinant of team performance,"1. if compliance in electrodermal activity EDA , heart rate or breathing in two-person teams was predictive of team performance or coordination in a continuous tracking task simulating teleoperation.",,The overall goal of the present research on physiological compliance was to develop an objective means to assess team work andor team coordination that could be used to guide human factors design and the evaluation of sociotechnical systems.,simulate telemanipulation of heavy objects under microgravity condition,"1. visual contact
2. no visual contact",Heart cross correlation showed the strongest predictive relationships. These results provide evidence that physiological compliance among team members may benefit team performance.,G=16, I=32,NS,lab,,,undergraduate students,,,"VI) EDA
VII) ECG
XII) Other","VI) Wearable Sensor, Wristband
VII) ECG
XII) Other","VI) NS
VII) NS
XII) NS",1) Physiological Compliance ,1) Combined,1) Physiological,1) Individual,1) pure_indiv,"1) VI, VII, XII","a) task performance
B) task performance
c) coordination","a) task outcome
B) human evaluation
c) human evaluation","a) performance
B) performance
c) coordination","a) product
B) product
c) process","a) 1
B) 0
c) 0","1-A: regression->sig
1-B: regression->non
1-C: regression->non","regression
regression
regression","correlation_regression
correlation_regression
correlation_regression"
140,kavie,32,2011,Modelling Symmetry of Activity as an Indicator of Collocated Group Collaboration,"Based on different rules of combination of metrics including talking time, Gini coefficient of verbal participation, number of touches, and the gini coefficient of the quantity of touches, different modes of group collaboration can be modeled. ",,Our approach exploits the digital and audio footprints of the users' actions at collocated settings to automatically build a model of symmetry of activity.,create concept map,NS,Our evaluation demonstrates that both amount and symmetry of verbal and physical participation are good indicators of collaborative and non-collaborative moments.,G=19, I=57,NS,eco,,,university students,,,"III) Audio
V) Log Data","III) Microphone
V) Log Data","III) NS
V) NS","1) Verbal Participation
2) Physical Participation","1) Speech Features
2) Task-Related","1) Verbal
2) Log Data","1) Individual
 2) Individual","1) pure_indiv
2) pure_indiv","1) III
2) V",a) collaboration,a) human evaluation,a) coordination,a) process,"a) 0
","1,2-A: unsup. machine learning: (60%)->sig",machine learning,machine-learning
141,kavie,32,2012,"Estimating conversational dominance in multiparty interaction
","1. We will establish a computational model for the estimation of conversational dominance based on automatically obtained audio and visual data, and we will propose a fully automatic dominance estimation method.",,This paper proposes a method for estimating the conversational dominance of participants in group interactions.,discuss and decide where participants would like to go out to enjoy a weekend,NS,"By exploiting the speech and gaze data as estimation parameters, we created a regression model to estimate conversational dominance, and the multiple correlation coefficient of this model was 0.85.",G=3, I=12,NS,lab,,,unknown,,,"I) Eye Gaze
III) Audio","I) Eye Tracker
III) Microphone","I) NS
III) NS","1) Amount Of Eye Gaze At Others
2) Amount Of Mutual Gaze
3) Amount Of Speech
4) Breaking A Silence","1) Visual Attention
2) Visual Attention
3) Speech Features
4) Speech Participation","1) Gaze
2) Gaze
3) Verbal
4) Verbal","1) Group
2) Group
3) Individual
4) Group","1) indiv_freq_in_group
2) synchro
3) pure_indiv
4) indiv_freq_in_group","1) I
2) I
3) III
4) III",a) dominance,a) survey,a) interpersonal relationship,a) process,a) 1,"1,2,3,4-A: regression->sig",regression,correlation_regression
142,bertrand,0,2025,"Impact of eye movements and facial expressions on social performance
during a collaborative problem-solving task","RQ1: Is social performance related to individual characteristics
such as anxiety and alexithymia tendencies? We investigate
whether the findings of Hamet Bagnou et al. (2022), where social
performance is associated with anxiety tendencies, also appear in our
study. We have one hypothesis: participants with high tendencies of
anxiety or alexithymia will have low SPRS scores.
RQ2: Are behavioral signals related to individual characteristics?
Based on previous studies, we set hypotheses for eye movements
and facial expressions. For eye movements, we have two
hypotheses: participants with high anxiety tendencies will look at
their conversation partners less, and participants with high alexithymia
tendencies will also look at their conversation partners less.
For facial expressions, we have two hypotheses: participants with
high anxiety tendencies will show low AU1, AU2, AU4, AU6, and
AU12 intensities, and participants with high alexithymia tendencies
will show the same intensities.
RQ3: Are behavioral signals related to social performance?
Based on the above research questions, we set hypotheses for eye
movements and facial expressions. For eye movements, we have one
hypothesis: participants who look at their conversation partners less
will have low SPRS scores. For facial expressions, we have one hypothesis:
participants who show low AU1, AU2, AU4, AU6, and
AU12 intensities will have low SPRS scores.",,"we analyzed the eye movements and facial expressions of pairs of
participants working on a collaborative problem-solving task online. "," task in which two participants collaborated in a discussion
about a survival situation. The task discussed items necessary for survival,
assuming a situation where a plane crash-landed on a mountain
(Hall & Watson, 1970; Hamet Bagnou et al., 2022). ",NS,"Our eye movement analysis showed that the
lower the percentage of looking at the conversation partner is and the higher the percentage of looking outside is,
the lower is the social performance. Our facial expression analysis showed that the lower the intensity of
expression is in inner brow raiser, the cheek raiser, and the lip corner puller, the lower is the social performance.",G=25,I=50,NS,lab,,,unknown (japanese participants),,,I) Eye Gaze,I) Eye Tracker,I) Tobii Pro Fusion,1) Amount Of Eye Gaze at face AOIs,1) Visual Attention,1) Gaze,1) Individual,1) pure_indiv,1) I,"a) task performance
b) anxiety","a) human evaluation
b) survey","a) performance
b) affective ","a) product
b) process","a) 1
b) 1","1-A: correlation->sig
1-B: correlation->sig",correlation,correlation_regression
143,bertrand,16,2023,"Stressed or engaged? Addressing the mixed significance of
physiological activity during constructivist learning","1. How do individual and group EDA features differ across direct instruction and subsequent hands-on task?
2. How are EDA features associated with behavioral engagement and learning gains?
3. How well can learning gains and behavioral engagement be predicted with a combination of individual and group EDA features?",,"The current paper qualifies previous assumptions on the link between physiology and learner
states during constructivist learning, employing a study design where electrodermal activity data
(EDA) is collected across two distinctive pedagogies – direct instruction and hands-on learning.",learning to program a micro-controller,SGV,"Our results are surprising in that higher arousal during hands-on learning is not indicative of
higher learning gains, nor is the strength of the EDA response clearly different when transitioning
across pedagogies. However, qualitative investigations show that varying sources of physiological
arousal likely to be present in hands-on learning, such as stress, may have led to this mixed
connection between EDA and learning during hands-on learning. Moreover, identical tests for the
direct instruction section show that higher EDA during this more passive form of learning is
indeed indicative of higher learning gains. Our machine learning prediction models achieved fair
performance for both learning gains and engagement, providing support for the use of physiological
data in gauging and supporting learner states despite its polysemy. ",G=80,I=96,real-time,lab,,,English-speaking adults between the ages of 18 and 38,,,VI) EDA,"VI) Wearable Sensor, Wristband",VI) Empatica E4,"1) individual electrodermal activity
2) physiological synchrony","1) EDA
2) EDA","1) Physiological
2) Physiological","1) Individual
2) Group","1) pure_indiv
2) synchro","1) VI
2) VI","a) learning gains
b) engagement","a) survey
b) human evaluation","a) learning
b) engagement","a) product
b) process","a) 1
b) 0","1-A: correlation->sig
2-A: correlation->sig
1-B: correlation->nonsig
2-B: correlation->nonsig
1,2-A: sup. machine learning->sig
1,2-B: sup. machine learning->sig","correlation
machine learning",machine-learning
144,bertrand,0,2024,Using Pose Data to Explore Changes in Students’ Self-Efficacy and Community Belonging in Makerspaces," The contribution of this paper is to explore whether quantitative measures from pose data can be
used to study self-efficacy and community belonging in makerspaces. ",,"Because makerspaces are open-ended, messy
learning environments, understanding why some students have transformative experiences,
while others do not, remains a challenge. In this paper, we explore how multimodal learning
analytics can provide a complementary lens to quantify and visualize students’ learning
trajectories.",makerspace course,NS,"We found that simple pose features were not very informative (possibly because of their
inability to reflect finer-grained relationships that exist for different student features and temporal details) but
using unsupervised machine learning methods revealed some prototypical states that could indicate self-efficacy
growth and becoming part of a community.",N/A,I=18,NS,eco,,,"students from a course on digital fabrication at a graduate school of education of a private
U.S. university",,,IV) Kinesiology,IV) Camera,IV) NS,"1) individual space usage
2) clustered body pose","1) Gross Body Motion
2) Gross Body Motion","1) Body
2) Body","1) Individual
2) Individual","1) pure_indiv
2) pure_indiv","1) IV
2) IV","a) self-effcacy gain
b) community belonging gain
c) enjoyment
d) stress","a) survey
b) survey
c) survey
d) survey","a) learning
B) interpersonal relationship
c) affective
d) affective","a) product
B) process
c) process
d) process","a) 1
B) 1","1-A: correlation->nonsig
1-B: correlation->sig
1-C: correlation->nonsig
1-D: correlation->nonsig
2-A: correlation->sig
2-B: correlation->sig
2-C: correlation->sig
2-D: correlation->sig",correlation,correlation_regression
145,bertrand,1,2024,"Is Seeing the Instructor’s Face or Gaze in Online
Videos Helpful for Learning?","RQ1. Do videos augmented with the instructor’s face (Instructor Presence) and/or gaze (Shared Gaze Visualizations)
have a positive effect on student learning?
RQ2. Does joint visual attention mediate learning?",,"students are expected to spend more and more time watching videos. These videos tend to follow a widespread
format: a screen recording of slides with a picture-in-picture (PiP) image of the instructor’s face. While this format
is ubiquitous, there is mixed evidence that it supports student learning. In this paper, we explore alternative formats
for designing educational videos.",online learning course,SGV,"we found that showing the instructor’s face had no
significant effect on learning, while adding the instructor’s eye-tracking data to the video promoted conceptual
understanding of the material. Mediation analysis showed that joint visual attention played a significant mediatory
role for learning. ",N/A,I=52,real-time,eco,,,"students from a course at a graduate school of education of a private
U.S. university""",,,I) Eye Gaze,I) Eye Tracker,I) NS,1) Joint Visual Attention,1) Visual Attention,1) Gaze,1) Group,2) synchro,1) I,a) learning,a) survey,a) learning,a) product,a) 1,"1-A: correlation->sig
1-A: ANOVA->sig",,
146,bertrand,0,2025,Exploring how shared gaze visualizations support remote one-on-one teaching A mixed method study.pdf,"We aim to: (1) identify gaze patterns linked to learning,
(2) compare these patterns across visual augmentation
conditions, and (3) examine their impact from a
teaching perspective.",,"We aim to: (1) identify gaze patterns linked to learning,
(2) compare these patterns across visual augmentation
conditions, and (3) examine their impact from a
teaching perspective.",programming a micro=controller,SGV,"Joint visual attention correlated with learning
gains during instruction and with instructors’ predictions
of learner success in practice. Video analysis
revealed three key affordances of SGVs: (1) tracking
learners’ cognitive states, (2) using gaze as deictic
gestures, and (3) providing just-in-time support.",G=80,I=96,real-time,lab,,,English-speaking adults between the ages of 18 and 38,,,I) Eye Gaze,I) Eye Tracker,I) Tobii Glasses,"1) Joint Visual Attention
2) Cognitive Load From Pupil Size
3) Individual attention","1) Visual Attention
2) Eye Physiology
3) visual attention","1) Gaze
2) Gaze
3) Gaze","1) Group
2) Individual
3) Individual","1) synchro
2) pure_indiv
3) pure_indiv","1) I
2) I
3) I","a) learning
b) learning prediction
c) perceived understanding
d) instructor effectiveness
e) engagement","a) survey
b) human evaluation
c) human evaluation
d) human evaluation
e) human evaluation","a) learning
b) learning
c) learning
d) interpersonal relationship
e) engagement","a) product
b) product
c) product
d) process
e) process",a) 1,"3-D: correlation->sig
2-E: correlation->sig
2-C: correlation->sig
2-A: correlation->sig
1-C: correlation->sig
1-A: correlation->sig
1-B: correlation->sig
1-A: ANOVA->sig
1-B: ANOVA->sig",correlation,correlation_regression
147,bertrand,1,2025,"Should medical teachers spend more time modelling or
coaching students? A dual eye-tracking and randomised
controlled study on peer instruction in sonography","When first introducing medical procedures, instructors must decide
how much of their limited time must be allocated between modelling (demonstrate
and explain) and coaching (scaffold and support) students. Given the time constraints
in clinical routine, it is currently unknown which relative proportion of modelling ver-
sus coaching is more efficient for procedural learning.",,,sonography training,"We randomly assigned 73 students without prior knowledge to either an
extended modelling (EM) or an extended coaching (EC) group for an emergency
sonography training.","On post-tests, the EC group outperformed the EM group by 12% in inter-
preting dynamic sonographic imagery ( p= 0.014). They completed the ultrasound
examinations 7% faster ( p= 0.050). There was no statistical difference between the
two groups in interpreting static sonographic imagery ( p= 0.322) nor in practical
scores ( p= 0.062). Contrary to expectations, there were no differences between the
groups in terms of eye movement metrics that explained the performance effects.
However, two behavioural variables were positively related with learning outcomes
across both groups: the percentage of joint visual attention between teacher and stu-
dent (β= 0.316, p < 0.001) and the number of words spoken during the training
(β= 0.175, p= 0.004).",N/A,I=73,NS,eco,,,medical students,,,"I) Eye Gaze
III) Audio","I) Eye Tracker
III) Microphone","I) Pupil Glasses
III) NS","1) Joint Visual Attention
2) Amount Of Speech","1) Visual Attention
2) Speech Features","1) Gaze
2) Verbal","1) Group
2) Individual","1) synchro
2) pure_indiv","1) I
2) III",a) learning,a) survey,a) learning,a) process,a) 1,"1-A: correlation->sig
2-A: correlation->sig",correlation,correlation_regression
148,bertrand,1,2025,"How Distractions Undermine Attentional Synchronisation
in Work-­ Based Learning: A Randomised Controlled Study
Using Dual Mobile Eye-­ Tracking","Research in social cognition suggests that learning effectiveness in teacher-­ learner pairs may be influenced by
how well their attention aligns with each other. However, we currently have limited understanding of how common distractions
in real-­ world environments affect teacher-­ student interactions, specifically the synchronisation of their visual attention.",,,," This randomised controlled study investigates the impact of distractions on attentional synchronisation, learning
performance, and cognitive load during training. ","The distraction group demonstrated lower attentional synchronisation, compared to the control group (Mean = 41.59% ± 6.89% [SD] vs. 50.96% ± 10.59%; Bonferroni-­ corrected t(27) = −2.84, p = 0.008, Cohen's d = 1.06). This reduction in attentional synchronisation was accompanied by significantly poorer practical and visual performances (d = 0.87 and 0.62), longer task completion times (d 2.05), and higher intrinsic and extraneous cognitive loads (d 1.09 and 1.04).",N/A,I=29,NS,eco,,,medical students,,,I) Eye Gaze,I) Eye Tracker,I) Tobii Glasses,1) Joint Visual Attention,1) Visual Attention,1) Gaze,1) Group,1) synchro,1) I,"a) task performance
b) cognitive load
c) completion time","a) human evaluation
b) human evaluation
c) human evaluation","a) learning
b) engagement
c) performance","a) process
b) process
c) product",,"1-A: correlation->sig
1-B: correlation->sig
1-C: correlation->sig",correlation,correlation_regression
149,bertrand,12,2023,"Age differences in interbrain synchronization during
peer cooperation: an EEG hyperscanning study","The present study compared the age differences between adolescents and adults
by examining the behavior and interbrain synchronization of pairs in a cooperative computer game task. ",,"Healthy peer relationships could provide emotional and social support for adolescents experiencing dramatic physical and environ-
mental changes. Examining age differences in cognitive neural processing during peer interaction provides insight into adolescent
interpersonal contact and “social brain” development. ",computer game task,NS,Correlation analysis indicated a positive correlation between occipital region interbrain synchronization and behavioral performance.,G=63,I=126,NS,lab,,,unknown,,,VIII) EEG ,VIII) EEG Sensor,VIII) BrainAmp,1) Brain Waves Patterns ,1) Brain,1) Physiological,1) Individual,1) pure_indiv,1) VIII,a) task performance,a) log data ,a) performance,a) product,a) 1,1-A: correlation->sig,correlation,correlation_regression
150,bertrand,0,2024,"Multi-level Team Coordination Dynamics during Simulation-Based Medical Team
Training",,,"Team coordination is essential for effective performance
during critical, stressful events. To better understand processes
and states involved at multiple levels of team coordination, we
assessed the correspondence between low- and high-level
coordination in teams participating in simulation-based
medical team training. ",,NS,"Our findings showed that, compared to periods without
annotated coordination, explicit- and implicit- information
coordination corresponded to significantly different low-level
team coordination across each of the studied modalities.",G=14,I=103,NS,eco,,,"Teams ranged from five to seven
members, all employed in an obstetrics and gynecology
department. Each team consisted of nurses, a resident, and a
gynecologist",,,VI) EDA,"VI) Wearable Sensor, Wristband",VI) Empatica E4,"1) individual electrodermal activity
2) arm movement","1) EDA
2) Gross body motion","1) Physiological
2) Body","1) Individual
2) Group","1) pure_indiv
2) synchro","1) VI
2) VI","a) team and task work
b) team adaptive performance
c) team potency
d) perceived stress
e) task performance 
f) coordination","a) survey
b) survey
c) survey
d) survey
e) human evaluation
f) human evaluation","a) performance
b) performance
c) performance
d) performance
e) performance
f) coordination","a) product
b) product
c) product
d) product
e) product
f) process",f) 1,"1-F: regression->sig
2-F: regression->sig",regression,correlation_regression
151,bertrand,20,2024,"Detecting non‑verbal speech and gaze behaviours
with multimodal data and computer vision to interpret
effective collaborative learning interactions","1) 2) What meaningful group interactions can be detected from machine observable
nonverbal gaze and speech behaviours from video and audio data of students’
face-to-face collaborative learning?
What are the variations in detected gaze and speech behaviours of groups with
different collaborative learning outcomes?",,"Effective collaborative learning requires meaning-
ful interactions among individuals in a group. Recent advances in multimodal
data collection tools and AI provide unique opportunities to analyze, model and
support these interactions. This study proposes an original method to identify
group interactions in real-world collaborative learning activities and investigates
the variations in interactions of groups with different collaborative learning out-
comes.","The study was conducted in a 10-week long post-graduate course involv-
ing 34 students with data collected from groups’ weekly collaborative learning
interactions lasting
~
60 min per session. ",NS,"The results showed that groups with dif-
ferent levels of shared understanding exhibit significant differences in time spent
and maximum duration of referring and following behaviours. Further analysis
using process mining techniques revealed that groups with different outcomes
exhibit different patterns of group interactions.",,i=34,NS,eco,,,graduate students,,,"I) Eye Gaze
III) Audio","I) Video
III) Video","I) Intel RealSense camera
III) Intel RealSense camera","1) Gaze behavior
2) Speaking behavior","1) Visual Attention
2) Speech Features","1) Gaze
2) Verbal","1) Individual
2) Individual","1) pure_indiv
2) pure_indiv","1) I
2) III","a) Shared understanding
b) self-satisfaction
c) quality of the product","a) survey
b) survey
c) human evaluation","a) learning
b) affective
c) performance","a) process
b) process
c) product",,"1,2-A: Mann-Whitney U test->sig
1,2-B: Mann-Whitney U test->sig
1,2-C: Mann-Whitney U test->nonsig","Mann-Whitney
Mann-Whitney","between-group
between-group"
152,bertrand,0,2025,"In Sync or Out of Sync? Understanding Stress and Learning
Performance in Collaborative Healthcare Simulations
through Physiological Synchrony and Arousal","RQ1 – To what extent do individual-level physiological synchrony and arousal
serve as indicators of students’ perceived stress and learning performance satis-
faction, after accounting for individual and group differences?
• RQ2 – To what extent do group-level physiological synchrony and arousal serve
as indicators of students’ perceived stress and learning performance satisfaction,
after accounting for individual and group differences?
• RQ3 – How do educators interpret the relationships between students’ physiolog-
ical synchrony and arousal with their stress levels, task performance satisfaction,
and collaboration performance satisfaction?",,"Physiological synchrony and arousal are increasingly utilised to understand students’
affective and cognitive states, such as stress, which can influence their learning per-
formance and satisfaction in collaborative settings. However, it remains uncertain
whether these physiological indicators can meaningfully reflect students’ stress and
learning performance satisfaction during embodied collaborative learning (ECL).",medical simulation,NS,"Results indicate that physiological synchrony is a significant indicator of students’ per-
ceived stress and collaboration performance satisfaction, while physiological arousal
is a significant indicator of task performance satisfaction, even after accounting for
individual and group differences. ",,I=172,NS,eco,,,medical students,,,VI) EDA,"VI) Wearable Sensor, Wristband",VI) Empatica E4,"1) individual electrodermal activity
2) physiological synchrony","1) EDA
2) EDA","1) Physiological
2) Physiological","1) Individual
2) Group","1) pure_indiv
2) synchro","1) VI
2) VI","a) perceived stress
b) collaboration performance satisfaction
c) task performance satisfaction","a) survey
b) survey
c) survey","a) affective
b) coordination
c) performance","a) process
b) process
c) product",,"2-A: regression->sig
2-B: regression->sig
1-C: regression->sig",regression,correlation_regression
153,bertrand,13,2023,"Physiological Synchrony Predict Task Performance and
Negative Emotional State during a Three-Member
Collaborative Task",,,"In this research work, we investigate the relationship be-
tween outcomes of different methods to quantify physiological synchrony, emotional state, and team
performance of three-member teams performing a collaborative team task. The proposed research
work employs dyadic-level linear (cross-correlation) and team-level non-linear (multidimensional
recurrence quantification analysis) synchrony calculation measures to quantify task performance
and the emotional state of the team. ",,NS,"Our investigation indicates that the physiological synchrony
estimated using multidimensional recurrence quantification analysis revealed a significant nega-
tive relationship between the subjectively reported frustration levels and overall task performance.
However, no relationship was found between cross-correlation-based physiological synchrony and
task performance. ",G=17,I=42,NS,lab,,,unknown,,,VI) EDA,"VI) Wearable Sensor, Wristband",VI) Polar H10 sensors,1) physiological synchrony (heart beat),1) Heart rate,1) Physiological,1) Group,1) synchro,1) VI,"a) reported frustration
b) task performance","a) survey
b) log data","a) affective
b) performance","a) process
b) product",,"1-A: regression->sig
1-B: regression->sig
1-C: regression->nonsig",regression,correlation_regression
154,bertrand,0,2025,"Physiological team dynamics explored:
physiological synchrony in medical simulation
training","1) As a proof of concept, an initial investigation was
conducted whether PS differed depending on the
nature of the task, more specifically during a cooper-
ative medical team task with a shared goal vs. a base-
line condition where the trainees did not interact.
2) The impact of team member proximity, scenario
type, and the interaction of scenario and scenario
order on PS during a medical team training over
time was explored. (Aim 2.1) Since little is known
about ongoing measures of PS in this area, different
time frames were used and compared to each other.
(Aim 2.2)",,"For researchers and medical simulation trainers, measuring team dynamics is vital for providing
targeted feedback that can lead to improved patient outcomes. It is also valuable for research, such as investigating
which dynamics benefit team performance. Traditional assessment methods, such as questionnaires and observa‑
tions, are often subjective and static, lacking the ability to capture team dynamics. To address these shortcomings, this
study explores the use of physiological synchrony (PS) measured through electrocardiogram (ECG) data to evaluate
team dynamics automated and in high-resolution.",medical simulation,NS,"Findings indicate that PS varies significantly by task nature, with higher synchrony during cooperative tasks
compared to baseline. Different ECG metrics offered unique insights into team dynamics. Proximity and scenario
conditions influenced PS, with closer teamwork leading to higher PS. Smaller sampling intervals (e.g. 5 s) provided
a detailed view of PS fluctuations over time.",,I=214,NS,eco,,,medical first responders,,,VII) ECG,VII) Electrodes,VII) Bittium,1) ECG synchrony,1) ECG,1) Physiological,1) Group,1) synchro,1) VII,a) team dynamics,a) performance,a) coordination,a) process,,1-A: ANOVA->sig,regression,correlation_regression
155,bertrand,7,2023,"Characterising Individual-Level
Collaborative Learning Behaviours Using
Ordered Network Analysis and Wearable
Sensors","– RQ1) To what extent do students’ procedural and social behaviours, mod-
elled from positioning data, diﬀer based on their perceived stress?
– RQ2) To what extent do students’ procedural and social behaviours diﬀer
based on their perceived collaboration satisfaction?
– RQ3) To what extent do students’ procedural and social behaviours diﬀer
based on their perceived task satisfaction?",,"this study characterised key diﬀerences among
124 students’ procedural and social behaviours according to their per-
ceived stress, collaboration, and task satisfaction during a complex group
task using wearable positioning sensors and ordered networked analysis.",medical simulation,NS,"The results revealed that students who demonstrated more collaborative
behaviours were associated with lower stress and higher collaboration
satisfaction. Interestingly, students who worked individually on the pri-
mary and secondary learning tasks reported lower and higher task sat-
isfaction, respectively.",,I=124,NS,eco,,,medical students,,,IV) Kinesiology,IV) wearables,IV) Posyx,"1) collaborative behaviors
2) individual work ","1) Gross body motion
2) Gross body motion","1) Body
2) Body","1) Group
2) Individual","1) synchro
2) pure_indiv","1) IV
2) IV","a) stress
b) collaboration satisfaction
c) task satisfaction","a) survey
b) survey
c) survey","a) affective
b) interpersonal relationship
c) affective","a) process
b) process
c) process",,"1-A: Mann-Whitney U test->sig
1-B: Mann-Whitney U test->sig
2-C: Mann-Whitney U test->sig",Mann-Whitney,between-group
156,bertrand,1,2023,"Synerg-eye-zing: Decoding Nonlinear Gaze Dynamics Underlying
Successful Collaborations in Co-located Teams","We tackle three research questions in this work. First, how do non-
linear dynamics of visual attention relate to subjective collaborative
traits (RQ1)? By examining this connection, our research seeks to
illuminate the interplay between objective indicators (characterized
by RQA metrics) and subjective facets of productive collaborations,
thereby identifying which gaze patterns are positively or negatively
associated with them. This understanding will serve as an early
indicator of collaboration challenges. Second, what is the poten-
tial of gaze-based RQA metrics in predicting subjective collaborative
outcomes? (RQ2)? By identifying these key metrics, we aspire to
establish predictive models that inform real-time interventions, ulti-
mately leading to more efcient collaborations. The third and fnal
research question, in what form do nonlinear patterns of visual atten-
tion infuence performance in collaborative tasks (RQ3)? Past work
has yielded inconsistent fndings on the relationship between JVA
and collaborative outcomes. By answering this question, we aim
to clarify in what aspect does JVA afect collaborative success and
whether there are other hidden dynamics at play, thereby providing
valuable insights into efective collaboration strategies.",,"Joint Visual Attention (JVA) has long been considered a critical
component of successful collaborations, enabling coordination and
construction of a shared knowledge space. However, recent studies
challenge the notion that JVA alone ensures efective collaboration.
To gain deeper insights into JVA’s infuence, we examine nonlin-
ear gaze coupling and gaze regularity in the collaborators’ visual
attention. ",co-located programming task,NS,"Our results emphasize
the signifcance of team-level gaze regularity for improving task
performance - highlighting the importance of maintaining stable or
sustained episodes of joint or individual attention, than disjointed
patterns. Additionally, through regression analyses, we examine
the predictive capacity of recurrence metrics for subjective traits
such as social cohesion and social loafng, revealing unique inter-
personal and team dynamics behind productive collaborations. ",G=19,I=44,NS,lab,,,26 undergraduates and 18 graduate students,,,I) Eye Gaze,I) Eye Tracker,I) Tobii Glasses,"1) Joint Visual Attention (CRQA)
2) Joint Visual attention (MdRQA)","1) Visual Attention
2) Visual Attention","1) Gaze
2) Gaze","1) Group
2) Group","1) synchro
2) synchro","1) I
2) I","a) task performance
b) social cohesion
c) social loafing
d) pleasure
e) trust
f) workload","a) performance
b) survey
c) survey
d) survey
e) survey
f) survey","a) performance
b) interpersonal relationship
c) interpersonal relationship
d) affective
e) interpersonal relationship
f) engagement","a) product
b) process
c) process
d) process
e) process
f) process",,"1-F: correlation->sig
2-C: correlatoin->sig
2-D: correlation->sig",correlation,correlation_regression
157,bertrand,0,2023,"Friend or foe: classifying
collaborative interactions using
fNIRS","We characterize brain activation in competitive and
cooperative scenarios using unobtrusive functional near-
infrared spectroscopy sensors in an ecologically valid
decision-making game involving uncertain outcomes.
We demonstrate that fNIRS features from social regions
of the brain outperform other features for distinguishing
collaborative interactions, which paves the way for the
development of more reliable and unobtrusive tools for
workplace and classroom monitoring of team interactions.
We perform additional analysis of the features salient to
competitive and cooperative conditions to find that both
cooperative and competitive conditions increase activity in the
social regions of the brain but that competition shows larger
increases in social areas than cooperation.",,"to assess successful collaborative problem solving, it is first
crucial to distinguish competitive from cooperative interactions. We investigate
the feasibility of using lightweight brain sensors to distinguish cooperative from
competitive interactions in pairs of participants (N=84) playing a decision-making
game involving uncertain outcomes.",BART game,"Solo
cooperative
competitive","We find that features from social areas of the brain outperform other
features for discriminating competitive, cooperative, and alone conditions in
cross-validation. Comparing the competitive and alone conditions, social features
yield a 5% improvement over motor and executive features. Social features show
promise as means of distinguishing competitive and cooperative environments
in problem solving settings. ",G=42,I=84,NS,lab,,,unknown,,,VII) fNIRS,VII) Electrodes,VII) NIRSport2 devices ,1) fNIRS data,1) ECG,1) Physiological,1) Individual,1) pure_indiv,1) VII,a) solo vs cooperative vs competitive,a) task,a) coordination,a) process,,1-A: sup. machine learning->sig (60%),machine learning,machine-learning
158,bertrand,11,2023,"Capturing the Dynamics of Trust and Team Processes in
Human-Human-Agent Teams via Multidimensional Neural
Recurrence Analyses","We hypothesize that [H1] applying MdCRQA to fNIRS data
will (a) predict cognitive and affective trust but (b) not team processes, while [H2] MdRQA
will (a) predict team processes but (b) not interpersonal trust.
Specifically,
we hypothesize that [H3] affect-based trust will stem from longer-term recurrence than
cognition-based trust, and [H4] team-level processes will strengthen with longer-term recurrence",,"In order to break down the complexity of monitoring
multiple actors in human-agent collaborations, there is a need to identify interpretable, generalizable measures
that can monitor the emergence of interpersonal and team-level processes that underlie effective teaming. We
address this gap by using functional Near-Infrared Spectroscopy to concurrently measure brain activity of
two individuals in a human-human-agent team during a complex, ecologically valid collaborative task,","The experimental task was hosted in the Computer-Human
Allocation of Resources Testbed (CHART), which allows collaboration between a human-agent team
through a crime mapping task.",NS,"Mixed-effects regressions reveal that neural recurrence between individuals uniquely
reflects changes in self-reported trust, while team-level neural regularity inversely predicts self-reported team
processes.",G=15,I=30,NS,lab,,,"Participants were 30 students (average age 21, 53% male) from a large public
university in the United States",,,VII) fNIRS,VII) Electrodes,VII) NIRSport2 devices ,1) fNIRS data,1) MdCRQA (brain coupling),1) Physiological,1) Group,1) synchro,1) VII,"a) strategy formulation
b) coordination
c) affect management
d) trust","a) survey
b) survey
c) survey
d) survey","a) coordination
b) coordination
c) affective
d) interpersonal relationship","a) process
b) process
c) process
d) process",,"1-D: regression->sig
1-A: regression->sig
1-B: regression->sig",regression,correlation_regression
159,bertrand,7,2024,"Gaze Sharing, a Double-Edged
Sword: Examining the Effect of
Real-Time Gaze Sharing
Visualizations on Team
Performance and Situation
Awareness","This study evaluated the effect of gaze sharing on eye tracking metrics, workload, team SA, and
team performance in a simulated unmanned aerial vehicle (UAV) command-and-control task.",,"The goal of this study was to assess how different real-time gaze sharing visualization
techniques affect eye tracking metrics, workload, team situation awareness (TSA), and team performance.",simulated unmanned aerial vehicle (UAV) command-and-control task. ,"three conditions: one with no gaze sharing and two with gaze
sharing. Gaze sharing was presented using a xation dot (i.e., a translucent colored dot) and a xation trail
(i.e., a trail of the most recent xations).","The results showed that the xation trail signi cantly reduced saccadic activity, lowered
workload, supported team SA at all levels, and improved performance compared to no gaze sharing;
however, the xation dot had the opposite effect on performance and SA. In fact, having no gaze sharing
outperformed the xation dot. Participants also preferred the xation trail for its visibility and ability to
track and monitor the history of their partner’s gaze.",G=35,I=70,real-time,lab,,,"Thirty-five teams (70 participants)
from the University of Virginia were recruited for
the study (M = 24.46 years, SD = 4.36 years). Each
team included one male and one female who were
not acquainted with one another.",,,I) Eye Gaze,I) Eye Tracker,I) FOVIO eye trackers ,1) Gaze sharing,1) Visual Attention,1) Gaze,1) Group,1) synchro,1) I,"a) workload
b) team performance
c) situation awareness","a) survey
b) performance
c) survey","a) engagement
b) performance
c) coordination","a) process
b) product
c) process",,"1-A: ANOVA->sig
1-B: ANOVA->sig
1-C: ANOVA->sig","ANOVA
ANOVA
ANOVA","between-group
between-group
between-group"
160,pankaj,19,2023,How to Build More Generalizable Models for Collaboration Quality? Lessons Learned from Exploring Multi-Context Audio-Log Datasets using Multimodal Learning Analytics,This study investigates various machine learning pipeline configurations to build cotext-generalizable models to estimate collaboration quality.,,The goal of this study is to identify pipeline configuration to build generalizable models of collaboration quality.,"Varying tasks from different subjects (Maths, English, Chemistry) to solve problem in face-to-face settings",NS,,G=35,I=105,NS,eco,,,high school students,,,"III) Audio         
V) Log Data","III) Microphone
V) Etherpad","III) NS 
V) NS","1) Speech Length
2) Speaking Turns
3) Frequency of wh-words
4) Characters added
5) Characters deleted","1) Speech Participation
2) Speech Participation
3) Speech Features
4) Task-Related
5) Task-Related","1) Verbal
2) Verbal
3) Verbal
4) Log Data
5) Log Data","1) Group
2) Group
3) Group
4) Group
5) Group","1) pure_indiv
2) pure_indiv
3) pure_indiv
4) pure_indiv
5) pure_indiv","1) III
2) III
3) III
4) V
5) V","a) argumentation
b) mutual understanding
c) collaboration flow
d) knowledge exchange
e) cooperative orientation
f) structuring problem solving
g) individual task orientation
h) collaboration quality","a) human evaluation
b) human evaluation
c) human evaluation
d) human evaluation
e) human evaluation
f) human evaluation
g) human evaluation
h) human evaluation","a) communication
b) interpersonal relationship
c) engagement
d) communication
e) affective
f) coordination
g) engagement
h) coordination","a) process
b) process
c) process
d) process
e) process
f) process
g) process
h) process",,"1,2,3,4,5-A,B,C,D,E,F,G,H: sup. machine learning->sig (60%)",machine learning,machine-learning
161,pankaj,7,2023,Exploring Indicators for Collaboration Quality and Its Dimensions in Classroom Settings Using Multimodal Learning Analytics,"This study explore indicators for collaboration quality and its underlying dimensions (e.g., argumentation) using audio, video, and log data. The paper includes a systematic investigation into collaboration quality automated model's generalizability across different tasks, types of tasks and schools.",,The goal of this study is to identify indicators for collaboration quality and its dimensions in classroom authentic settings.,"Varying tasks from different subjects (Maths, English, Chemistry) to solve problem in face-to-face settings",NS,,G=20,I=89,NS,eco,,,high school students,,,"III) Audio         
II) Video        
V) Log Data","III) Microphone
II) Camera
V) Etherpad","III) NS 
II) NS   
V) NS","1) Speech Length
2) Speaking Turns
3) Frequency of wh-words
4) Characters added
5) Characters deleted
6) Facial action units
7) Head rotation
8) Lip movement","1) Speech Participation
2) Speech Participation
3) Speech Features
4) Task-Related
5) Task-Related
6) Facial Expressions
7) Head Motion
8) Head Motion","1) Verbal
2) Verbal
3) Verbal
4) Log Data
5) Log Data
6) Head
7) Head
8) Head","1) Group
2) Group
3) Group
4) Group
5) Group
6) Group
7) Group
8) Group","1) pure_indiv
2) pure_indiv
3) pure_indiv
4) pure_indiv
5) pure_indiv
6) pure_indiv
7) pure_indiv
8) pure_indiv","1) III
2) III
3) III
4) V
5) V
6) II
7) II
8) II","a) argumentation
b) mutual understanding
c) collaboration flow
d) knowledge exchange
e) cooperative orientation
f) structuring problem solving
g) individual task orientation
h) collaboration quality","a) human evaluation
b) human evaluation
c) human evaluation
d) human evaluation
e) human evaluation
f) human evaluation
g) human evaluation
h) human evaluation","a) communication
b) interpersonal relationship
c) engagement
d) communication
e) affective
f) coordination
g) engagement
h) coordination","a) process
b) process
c) process
d) process
e) process
f) process
g) process
h) process",,"1,2,3,4,5,6,7,8-A,B,C,D,E,F,G,H: sup. machine learning->sig (60%)","machine learning
correlation","machine-learning
between-group"
162,pankaj,7,2024,How well do collaboration quality estimation models generalize across authentic school contexts?,"This paper offers collaboration indicators for different types of collaborative learn-ing activities in authentic classroom settings. The paper includes a systematic investigation into collaboration quality automated model's generalizability across different tasks, types of tasks and schools.This paper also offers a comparison between different modalities' potential to estimate collaboration quality in authentic settings.",,"The assess generalizability of collaboration quality estimation models across different contexts varying on task, type of task, and school levels.","Varying tasks from different subjects (Maths, English, Chemistry) to solve problem in face-to-face settings",NS,,G=17,I=80,NS,eco,,,high school students,,,"III) Audio        
II) Video        
V) Log Data","III) Microphone
II) Camera
V) Etherpad","III) NS 
II) NS   
V) NS","1) Speech Length
2) Speaking Turns
3) Frequency of wh-words
4) Characters added
5) Characters deleted
6) Facial action units
7) Head rotation
8) Lip movement","1) Speech Participation
2) Speech Participation
3) Speech Features
4) Task-Related
5) Task-Related
6) Facial Expressions
7) Head Motion
8) Head Motion","1) Verbal
2) Verbal
3) Verbal
4) Log Data
5) Log Data
6) Head
7) Head
8) Head","1) Group
2) Group
3) Group
4) Group
5) Group
6) Group
7) Group
8) Group","1) pure_indiv
2) pure_indiv
3) pure_indiv
4) pure_indiv
5) pure_indiv
6) pure_indiv
7) pure_indiv
8) pure_indiv","1) III
2) III
3) III
4) V
5) V
6) II
7) II
8) II","a) argumentation
b) mutual understanding
c) collaboration flow
d) knowledge exchange
e) cooperative orientation
f) structuring problem solving
g) individual task orientation
h) collaboration quality","a) human evaluation
b) human evaluation
c) human evaluation
d) human evaluation
e) human evaluation
f) human evaluation
g) human evaluation
h) human evaluation","a) communication
b) interpersonal relationship
c) engagement
d) communication
e) affective
f) coordination
g) engagement
h) coordination","a) process
b) process
c) process
d) process
e) process
f) process
g) process
h) process",,"1,2,6-A: correlation->sig
1,2,7-B: correlation->sig
1,2-C: correlation->sig
1,2,6-D:correlation->sig
1,2-E:correlation->sig
1,2,6-F:correlation->sig
1,2,4,5-G:correlation->sig
1,2,6-H:correlation->sig","machine learning
correlation","machine-learning
between-group"
163,shinyi,3,2024,Real-Time Gaze Sharing Techniques and Their Influence on Performance and Shared Situational Awareness of Teammates in UAV C2 Operations,"This study assesses shared SA in a simulated complex, data-rich domain—that is, unmanned aerial vehicle (UAV) command and control (C2) operations—using two promising gaze sharing visualization techniques: fixation dot and fixation trail.
",,"The current paper focuses specifically on examining Shared Situational Awareness (SSA) and its relationship with gaze sharing techniques. We expect that our gaze visualizations will increase SSA which, in turn, will be closely correlated with improved shared task performance","Unmanned aerial vehicle (UAV) command and control (C2) operations; “Vigilant Spirit Control Station” the U.S. Air Force uses to develop interfaces to control multiple UAVs; Each pair was responsible for completing a primary task and three more tasks, totalling four.","Three 15-min scenarios
(a) no gaze sharing (control condition)
(b) gaze sharing with a real-time fixation dot
(c) gaze sharing using a real-time fixation trail offering a visual representation of the preceding two seconds","Fixation trail resulted in the best shared target detection task accuracy, but the same could not be said of the fixation dot as it resulted in the worst performance—surprisingly even worse than having no gaze sharing at all.",G=35,I=70,real-time,lab,,,university students,,,I) Eye Gaze,I) Eye Tracker,I) FOVIO eye tracker,1) Gaze sharing,1) Visual Attention,1) Gaze,1) Group,1) synchro,1) I,"a) team performance
b) situation awareness","a) performance
b) performance","a) performance
b) performance","a) product
b) product",,"1-A: ANOVA->sig
1-B: ANOVA->sig","ANOVA
ANOVA","within-group
within-group"
164,shinyi,4,2024,Harnessing Transparent Learning Analytics for Individualized Support through Auto-detection of Engagement in Face-to-Face Collaborative Learning,"RQ1) How does students’ automatically detected engagement align with their self-reported engagement in collaborative learning?
RQ2) Do students with higher engagement experience fewer challenges compared to students with lower engagement during the process of collaborative learning?
RQ3) Do students with higher engagement achieve better learning outcomes compared to students with lower engagement during the process of collaborative learning?",,The overarching research aim of this paper is to explore the effectiveness of the automatic and transparent approach to detecting students’ individual engagement from group interactions.,"a 10-week postgraduate module in a UK university. In this module, students were allocated into groups of 4 or 5 members with mixed-gender, mixed-cultural backgrounds, varied first languages, varied working experiences, and interdisciplinary backgrounds. During the 10 weeks, they were asked to work collaboratively on an educational technology design case to address the educational challenge they came up with in the first week.","20 face-to-face collaborative learning sessions; students were asked to sit around the wide end of a T-shaped table. Each student used their own laptop/tablet to access the online collaboration platform, Miro. ","The results show that the proposed approach can reflect student’s individual engagement and can be used as an indicator to distinguish students with different collaborative learning challenges (cognitive, behavioural and emotional) and learning outcomes.",G=15 (estimate),I=76,,eco,,,university students,,,"I) Eye Gaze
III) Audio","I) Video
III) Microphone","I) Intel RealSense camera
III) NS","1) Gaze behavior
2) Speaking behavior","1) Gaze Motion
2) Speech Participation","1) Gaze
2) Verbal","1) Individual
2) Individual","1) pure_indiv
2) content_indiv","1) I
2) III","a) engagement
b) perceived challenges
c) learning","a) survey
b) survey
c) learning test","a) engagement
b) engagement
c) performance","a) process
b) process
c) product",,"1,2-A: t-test->sig
1,2-B: t-test->sig
1,2-C: t-test->sig","t-test
t-test
t-test","between-group
between-group
between-group"
165,bertrand,0,2025,Co-regulation and Multimodal Synchrony in pair programming,"RQ1: what are the co-regulation based differences between the high and the low performing dyads?
RQ2: How is the coregulation explained using multimodal data and multimodal synchrony?",,"Gaze, emotional, and physiological synchronies are predictive of collaborative
performance and quality. However, these synchronies are studied mostly in unimodal settings.
We present a pair programming study to understand the relationship between multimodal
synchrony and co-regulation processes. ",collaboratively debugging a given program,NS,"Our results show that
argumentation and negotiation are negatively related to performance while cooperation,
monitoring, goal-setting and co-regulation have a positive relationship with performance. We
also find that argumentation and negotiation have lower joint attention and lower joint mental
effort with high average mental effort and lower joint stress with high average stress.",G=40,I=80,,lab,,,university students,,,"I) Eye Gaze
VI) EDA","I) Eye Tracker
VI) Wearable Sensor, Wristband","I) Tobii X3-120
VI) Empatica E4","1) Joint Visual Attention 
2) physiological synchrony
3) joint mental effort
4) joint stress","1) Visual Attention
2) EDA
3) Visual Attention
4) EDA","1) Gaze
2) Physiological
3) Gaze
4) Physiological","1) Group
2) Group
3) Group
4) Group","1) synchro
2) synchro
3) synchro
4) synchro","1) I 
2) VI
3) I
4) VI",a) collaborative problem-solving discourse,a) human evaluation,a) communication,a) process,,"1,2,3,4-A: correlation->sig",correlation,correlation_regression
166,pankaj,2,2024,"Multimodal Learning Analytics for Predicting Student Collaboration Satisfaction in
Collaborative Game-Based Learning","RQ1. What are the individual modalities that contribute
most significantly to the prediction of student collab-
oration satisfaction in collaborative game-based learn-
ing environments?
RQ2. How does the integration ofmultiple modalities through
a multimodal deep learning model, particularly em-
ploying a cross-attention mechanism, enhance the ac-
curacy of predicting student collaboration satisfaction?
RQ3. What specific combinations of modalities and features
within the multimodal deep learning model are most
effective in predicting student collaboration satisfac-
tion, and what insights can be gained from feature im-
portance analysis regarding their contribution to pre-
diction accuracy?",,"Utilizing multimodal data col-
lected from 50 middle school students engaged in collabo-
rative game-based learning, we predict student collabora-
tion satisfaction.","EcoJourneys is a collaborative game-based learning en-
vironment where small groups of middle school students
work together to determine the cause of an unknown illness
spreading amongst the fish population on a small island in
the Philippines.",NS,"Findings indicate that various combinations
of data sources are highly beneficial for student collaboration
satisfaction prediction.",NS,I=55,NS,lab,,,middle school students,,,"II) Video
V) Log Data","I) Camera
V) Log Data",,"1) Facial action units
2) Head Pose
3) Eye gaze
4) Chat messages
5) Player interactions","1) Facial Expressions
2) Head Motion
3) Gaze Motion
4) Task-Related
5) Task-Related","1) Head
2) Head
3) Gaze
4) Log Data
5) Log Data","1) Individual
2) Individual
3) Individual
4) Individual
5) Individual","1) pure_indiv
2) pure_indiv
3) pure_indiv
4) pure_indiv
5) pure_indiv","1) II
2) II
3) II
4) V
5) V",a) collaboration satisfaction,a) survey,a) interpersonal relationship,a) process,,"1,2,3,4,5-A: sup. machine learning->sig",machine learning,machine-learning
167,pankaj,52,2023,"Multimodal learning analytics of collaborative patterns during pair
programming in higher education","RQ1: What clusters can be detected based on the process and summative assessment
during the PP process?
RQ2: What are the collaborative patterns of different clusters in terms of multimodal
learning analytics of process data?",,"the current study applied MMLA to examine students’ col-
laborative patterns in a face-to-face, computer-supported PP environment in higher
education. Specifically, we collected students’ multimodal process-oriented data (includ-
ing verbal audios, computer screen recordings, facial expression recordings) and pro-
gramming products data.","Student groups were asked to collaborate and learn program-
ming on an online programming platform Minecraft Hour of code (https:// code. org/
minec raft) (see Fig. 1b). The platform is designed for novice programming learners
with gamification and graphical programming.",lab,"The results revealed four collaborative patterns (i.e., a
consensus-achieved pattern, an argumentation-driven pattern, an individual-oriented
pattern, and a trial-and-error pattern), associated with different levels of process and
summative performances. The study found verbal behavior and facial expression siginficanlty correlated among clusters which were based on collaboration quality and summative performance measures.",G=20,I=40,NS,lab,,,university students,,,"II) Video
III) Audio
II) Video","II) Video recorder
III) Video recorder
V) Screen recorder",,"1) Facial expressions
2) Speech
3) Mouse clicks, movements","1) Facial Expressions
2) Speech Features
3) Task-Related","1) Head
2) Verbal
3) Log Data","1) Individual
2) Individual
3) Individual","1) pure_indiv
2) pure_indiv
3) pure_indiv","1) II
2) III
3) V","a) collaboration quality
b) problem solving skill
c) coding skill","a) human evaluation
b) human evaluation
c) human evaluation","a) interpersonal relationship
b) performance
c) performance","a) process
b) product
c) product",,"1,2-A,B,C: ANOVA->sig",ANOVA,between-group
168,bertrand,0,2025,"Leader-follower dynamics in medical training:
A dual mobile eye-tracking analysis of teacher-
student gaze patterns",,,"In medical training, learning typically involves individuals interacting asymmet-
rically: instructors who explain and demonstrate and learners who follow these instructions.
However, there are also moments when learners lead the interaction, for example by point-
ing out unclear connections. This shifting‘dance of leadership’ manifests in measurable pat-
terns of visual attention, whose impact on learning is not well understood.","simulated
sonography training in an OR environment.",NS,"We found that leader-follower behavior varied substantially. Teachers consistently
led attention on the sonography monitor, showing tight coupling and minimal variation,
reflecting its role as the procedural core. Students more frequently initiated gaze toward
anatomical references and during interpersonal interactions. Importantly, only teacher-led
guidance toward anatomical references was positively correlated with learning outcomes
(r ¼ .50, p < .01)",G=29,I=29,NS,lab,,,"Students as participants were volunteer medical stu-
dents at the Hannover Medical School, informed
about the eye-tracking study through email.",,,I) Eye Gaze,I) Eye Tracker,I) Pupil labs NEON,1) Gaze Lag,1) Visual Attention,1) Gaze,1) Group,1) synchro,1) I,a) practical performance,a) performance,a) performance,a) product,,1-A: correlation -> sig,correlation,correlation_regression